Word,Level
〇,HSK1
一,HSK1
一一,HSK7-9
一下儿,HSK1
一下子,HSK5
一不小心,HSK7-9
一个劲儿,HSK7-9
一举,HSK7-9
一举一动,HSK7-9
一事无成,HSK7-9
一些,HSK1
一代,HSK6
一会儿,HSK1
一体,HSK7-9
一共,HSK2
一再,HSK4
一切,HSK3
一刹那,HSK7-9
一动不动,HSK7-9
一半,HSK1
一卡通,HSK7-9
一口气,HSK5
一句话,HSK5
一同,HSK6
一向,HSK5
一味,HSK7-9
一回事,HSK7-9
一块儿,HSK1
一塌糊涂,HSK7-9
一声不吭,HSK7-9
一大早,HSK7-9
一天到晚,HSK7-9
一头,HSK7-9
一如既往,HSK7-9
一定,HSK2
一家人,HSK7-9
一帆风顺,HSK7-9
一带,HSK5
一干二净,HSK7-9
一年到头,HSK7-9
一应俱全,HSK7-9
一度,HSK7-9
一律,HSK4
一心,HSK7-9
一心一意,HSK7-9
一成不变,HSK7-9
一手,HSK7-9
一技之长,HSK7-9
一把手,HSK7-9
一揽子,HSK7-9
一方面,HSK3
一旁,HSK7-9
一无所有,HSK7-9
一无所知,HSK7-9
一旦,HSK5
一早,HSK7-9
一时,HSK6
一晃,HSK7-9
一样,HSK1
一概,HSK7-9
一概而论,HSK7-9
一模一样,HSK6
一次性,HSK6
一毛不拔,HSK7-9
一流,HSK5
一点儿,HSK1
一点点,HSK2
一生,HSK2
一番,HSK6
一目了然,HSK7-9
一直,HSK2
一眼,HSK7-9
一瞬间,HSK7-9
一筹莫展,HSK7-9
一系列,HSK7-9
一线,HSK7-9
一经,HSK7-9
一致,HSK4
一般,HSK2
一般来说,HSK4
一行,HSK6
一言一行,HSK7-9
一言不发,HSK7-9
一贯,HSK6
一起,HSK1
一路,HSK5
一路上,HSK6
一路平安,HSK2
一路顺风,HSK2
一身,HSK5
一辈子,HSK5
一边,HSK1
一连,HSK7-9
一连串,HSK7-9
一道,HSK6
一部分,HSK2
一锅粥,HSK7-9
一长一短,HSK7-9
一阵,HSK7-9
一面,HSK7-9
一鼓作气,HSK7-9
一齐,HSK6
丁,HSK7-9
七,HSK1
七嘴八舌,HSK7-9
万,HSK2
万一,HSK4
万万,HSK7-9
万分,HSK7-9
万古长青,HSK7-9
万无一失,HSK7-9
万能,HSK7-9
丈夫,HSK4
三,HSK1
三明治,HSK6
三番五次,HSK7-9
三维,HSK7-9
三角,HSK7-9
上,HSK1
上下,HSK5
上个月,HSK4
上任,HSK7-9
上升,HSK3
上午,HSK1
上去,HSK3
上台,HSK6
上司,HSK7-9
上周,HSK2
上场,HSK7-9
上头,HSK7-9
上学,HSK1
上岗,HSK7-9
上市,HSK6
上帝,HSK6
上当,HSK6
上报,HSK7-9
上方,HSK7-9
上旬,HSK7-9
上映,HSK7-9
上期,HSK7-9
上来,HSK3
上楼,HSK4
上次,HSK1
上流,HSK7-9
上涨,HSK5
上游,HSK7-9
上演,HSK6
上火,HSK7-9
上班,HSK1
上瘾,HSK7-9
上空,HSK7-9
上级,HSK5
上网,HSK1
上衣,HSK3
上诉,HSK7-9
上课,HSK1
上调,HSK7-9
上车,HSK1
上边,HSK1
上述,HSK7-9
上门,HSK4
上限,HSK7-9
上面,HSK3
下,HSK1
下一代,HSK7-9
下个月,HSK4
下乡,HSK7-9
下令,HSK7-9
下决心,HSK7-9
下功夫,HSK7-9
下午,HSK1
下去,HSK3
下台,HSK7-9
下周,HSK2
下场,HSK7-9
下坠,HSK7-9
下属,HSK7-9
下山,HSK7-9
下岗,HSK7-9
下意识,HSK7-9
下手,HSK7-9
下旬,HSK7-9
下期,HSK7-9
下来,HSK3
下棋,HSK7-9
下楼,HSK4
下次,HSK1
下海,HSK7-9
下游,HSK7-9
下班,HSK1
下级,HSK7-9
下落,HSK7-9
下课,HSK1
下调,HSK7-9
下跌,HSK7-9
下车,HSK1
下载,HSK4
下边,HSK1
下降,HSK4
下雨,HSK1
下雪,HSK2
下面,HSK3
不,HSK1
不一会儿,HSK2
不一定,HSK2
不为人知,HSK7-9
不久,HSK2
不了了之,HSK7-9
不予,HSK7-9
不亚于,HSK7-9
不亦乐乎,HSK7-9
不仅,HSK3
不仅仅,HSK6
不以为然,HSK7-9
不但,HSK2
不便,HSK6
不值,HSK6
不假思索,HSK7-9
不停,HSK5
不像话,HSK7-9
不光,HSK3
不免,HSK5
不再,HSK6
不准,HSK7-9
不利,HSK5
不利于,HSK7-9
不可思议,HSK7-9
不可避免,HSK7-9
不同,HSK2
不同寻常,HSK7-9
不在乎,HSK4
不堪,HSK7-9
不够,HSK2
不大,HSK1
不太,HSK2
不好意思,HSK2
不如,HSK2
不如说,HSK7-9
不妨,HSK7-9
不安,HSK3
不定,HSK7-9
不宜,HSK7-9
不客气,HSK1
不容,HSK7-9
不对,HSK1
不少,HSK2
不屑,HSK7-9
不已,HSK7-9
不平,HSK7-9
不幸,HSK5
不得不,HSK3
不得了,HSK5
不得已,HSK7-9
不得而知,HSK7-9
不必,HSK3
不怎么,HSK6
不怎么样,HSK6
不惜,HSK7-9
不慎,HSK7-9
不懈,HSK7-9
不成,HSK6
不敢当,HSK5
不料,HSK6
不断,HSK3
不时,HSK5
不易,HSK5
不景气,HSK7-9
不曾,HSK5
不服,HSK7-9
不服气,HSK7-9
不止,HSK5
不正之风,HSK7-9
不满,HSK2
不然,HSK4
不理,HSK7-9
不用,HSK1
不用说,HSK7-9
不由得,HSK7-9
不由自主,HSK7-9
不相上下,HSK7-9
不知,HSK7-9
不知不觉,HSK7-9
不禁,HSK6
不算,HSK7-9
不管,HSK4
不约而同,HSK7-9
不经意,HSK7-9
不翼而飞,HSK7-9
不耐烦,HSK5
不耻下问,HSK7-9
不肯,HSK7-9
不能不,HSK5
不至于,HSK6
不良,HSK5
不行,HSK2
不要,HSK2
不要紧,HSK4
不见,HSK6
不见得,HSK7-9
不解,HSK7-9
不许,HSK5
不论,HSK3
不起眼,HSK7-9
不足,HSK5
不辞而别,HSK7-9
不过,HSK2
不适,HSK7-9
不通,HSK6
不错,HSK2
不难,HSK7-9
不顾,HSK5
与,HSK6
与众不同,HSK7-9
与其,HSK7-9
与否,HSK7-9
与日俱增,HSK7-9
与时俱进,HSK7-9
与此同时,HSK7-9
丑,HSK5
丑恶,HSK7-9
丑闻,HSK7-9
丑陋,HSK7-9
专业,HSK3
专人,HSK7-9
专利,HSK5
专制,HSK7-9
专卖店,HSK7-9
专家,HSK3
专心,HSK4
专柜,HSK7-9
专栏,HSK7-9
专注,HSK7-9
专用,HSK6
专程,HSK7-9
专职,HSK7-9
专著,HSK7-9
专辑,HSK5
专长,HSK7-9
专门,HSK3
专题,HSK3
且,HSK7-9
世代,HSK7-9
世故,HSK7-9
世界,HSK3
世界杯,HSK3
世界级,HSK7-9
世纪,HSK3
世袭,HSK7-9
丘陵,HSK7-9
丙,HSK7-9
业,HSK7-9
业余,HSK4
业务,HSK5
业绩,HSK7-9
丛林,HSK7-9
东,HSK1
东北,HSK2
东南,HSK2
东奔西走,HSK7-9
东张西望,HSK7-9
东方,HSK2
东西,HSK1
东边,HSK1
东道主,HSK7-9
东部,HSK3
丝,HSK7-9
丝毫,HSK7-9
丝绸,HSK7-9
丢,HSK5
丢人,HSK7-9
丢失,HSK7-9
丢弃,HSK7-9
丢掉,HSK7-9
丢脸,HSK7-9
两,HSK1
两侧,HSK6
两口子,HSK7-9
两岸,HSK5
两手,HSK6
两栖,HSK7-9
两边,HSK4
严,HSK4
严厉,HSK5
严密,HSK7-9
严峻,HSK7-9
严格,HSK4
严禁,HSK7-9
严肃,HSK5
严谨,HSK7-9
严重,HSK4
丧失,HSK6
丧生,HSK7-9
个,HSK1
个人,HSK3
个体,HSK4
个儿,HSK5
个别,HSK4
个头儿,HSK7-9
个子,HSK2
个性,HSK3
个案,HSK7-9
丫头,HSK7-9
中,HSK1
中介,HSK4
中医,HSK2
中午,HSK1
中华,HSK6
中华民族,HSK3
中国,HSK1
中国画,HSK7-9
中型,HSK7-9
中外,HSK6
中央,HSK5
中奖,HSK4
中学,HSK1
中学生,HSK1
中小学,HSK2
中年,HSK2
中庸,HSK7-9
中心,HSK2
中性,HSK7-9
中文,HSK1
中断,HSK5
中旬,HSK7-9
中期,HSK6
中止,HSK7-9
中毒,HSK5
中秋节,HSK5
中立,HSK7-9
中等,HSK6
中级,HSK2
中药,HSK5
中途,HSK7-9
中部,HSK3
中间,HSK1
中餐,HSK2
丰厚,HSK7-9
丰富,HSK3
丰富多彩,HSK7-9
丰收,HSK5
丰满,HSK7-9
丰盛,HSK7-9
丰硕,HSK7-9
串,HSK6
串门,HSK7-9
临,HSK7-9
临床,HSK7-9
临时,HSK4
临街,HSK7-9
临近,HSK7-9
丸,HSK7-9
为,HSK2
为主,HSK5
为了,HSK3
为人,HSK7-9
为什么,HSK2
为何,HSK6
为期,HSK5
为止,HSK5
为此,HSK6
为难,HSK5
主,HSK7-9
主义,HSK7-9
主人,HSK2
主人公,HSK7-9
主任,HSK3
主体,HSK5
主力,HSK7-9
主办,HSK5
主动,HSK3
主妇,HSK7-9
主宰,HSK7-9
主导,HSK5
主席,HSK4
主张,HSK3
主意,HSK3
主持,HSK3
主持人,HSK6
主权,HSK7-9
主流,HSK6
主演,HSK7-9
主管,HSK5
主编,HSK7-9
主要,HSK2
主观,HSK5
主角,HSK6
主页,HSK7-9
主题,HSK4
主题歌,HSK7-9
主食,HSK7-9
举,HSK2
举一反三,HSK7-9
举世无双,HSK7-9
举世瞩目,HSK7-9
举世闻名,HSK7-9
举例,HSK7-9
举办,HSK3
举动,HSK5
举手,HSK2
举报,HSK7-9
举措,HSK7-9
举止,HSK7-9
举行,HSK2
举重,HSK7-9
乃,HSK7-9
乃至,HSK7-9
久,HSK3
久仰,HSK7-9
久违,HSK7-9
义务,HSK4
义工,HSK7-9
之,HSK7-9
之一,HSK4
之下,HSK5
之中,HSK5
之内,HSK5
之前,HSK4
之后,HSK4
之外,HSK5
之所以,HSK7-9
之类,HSK6
之间,HSK4
乌云,HSK6
乐,HSK3
乐器,HSK7-9
乐园,HSK7-9
乐意,HSK7-9
乐曲,HSK6
乐观,HSK3
乐趣,HSK4
乐队,HSK3
乒乓球,HSK7-9
乔装,HSK7-9
乖,HSK7-9
乖巧,HSK7-9
乘,HSK5
乘人之危,HSK7-9
乘坐,HSK5
乘客,HSK5
乘车,HSK5
乙,HSK5
九,HSK1
乞丐,HSK7-9
乞求,HSK7-9
乞讨,HSK7-9
也,HSK1
也好,HSK5
也就是说,HSK7-9
也许,HSK2
习俗,HSK7-9
习惯,HSK2
乡,HSK5
乡下,HSK7-9
乡亲,HSK7-9
乡村,HSK5
书,HSK1
书写,HSK7-9
书包,HSK1
书店,HSK1
书房,HSK6
书架,HSK3
书柜,HSK5
书桌,HSK5
书橱,HSK7-9
书法,HSK5
书籍,HSK7-9
书记,HSK7-9
书面,HSK7-9
买,HSK1
买不起,HSK7-9
买卖,HSK5
乱,HSK3
乱七八糟,HSK7-9
乳制品,HSK6
了,HSK1
了不起,HSK4
了却,HSK7-9
了结,HSK7-9
了解,HSK4
予以,HSK7-9
争,HSK3
争先恐后,HSK7-9
争光,HSK7-9
争分夺秒,HSK7-9
争取,HSK3
争吵,HSK7-9
争夺,HSK6
争执,HSK7-9
争气,HSK7-9
争端,HSK7-9
争议,HSK5
争论,HSK4
事,HSK1
事业,HSK3
事件,HSK3
事先,HSK4
事务,HSK7-9
事务所,HSK7-9
事后,HSK6
事宜,HSK7-9
事实,HSK3
事实上,HSK3
事态,HSK7-9
事情,HSK2
事故,HSK3
事物,HSK4
事迹,HSK7-9
事项,HSK7-9
二,HSK1
二手,HSK4
二手车,HSK7-9
二氧化碳,HSK7-9
二维码,HSK5
于,HSK6
于是,HSK4
亏,HSK5
亏损,HSK7-9
亏本,HSK7-9
云,HSK2
互信,HSK7-9
互动,HSK6
互助,HSK7-9
互相,HSK3
互联网,HSK3
互补,HSK7-9
互访,HSK7-9
五,HSK1
五星级,HSK7-9
五花八门,HSK7-9
五颜六色,HSK4
井,HSK6
亚军,HSK5
亚运会,HSK4
些,HSK4
亡羊补牢,HSK7-9
交,HSK2
交付,HSK7-9
交代,HSK5
交叉,HSK7-9
交响乐,HSK7-9
交头接耳,HSK7-9
交往,HSK3
交情,HSK7-9
交换,HSK4
交接,HSK7-9
交易,HSK3
交替,HSK7-9
交朋友,HSK2
交流,HSK3
交涉,HSK7-9
交界,HSK7-9
交纳,HSK7-9
交给,HSK2
交警,HSK3
交谈,HSK7-9
交费,HSK3
交通,HSK2
交锋,HSK7-9
交际,HSK4
交集,HSK7-9
亦,HSK7-9
产,HSK7-9
产业,HSK5
产值,HSK7-9
产品,HSK4
产地,HSK7-9
产物,HSK7-9
产生,HSK3
产量,HSK6
亩,HSK7-9
享,HSK7-9
享受,HSK5
享有,HSK7-9
京剧,HSK3
亮,HSK2
亮丽,HSK7-9
亮点,HSK7-9
亮相,HSK7-9
亲,HSK3
亲人,HSK3
亲切,HSK3
亲友,HSK7-9
亲和力,HSK7-9
亲密,HSK4
亲属,HSK6
亲情,HSK7-9
亲戚,HSK7-9
亲手,HSK7-9
亲朋好友,HSK7-9
亲热,HSK7-9
亲爱,HSK4
亲生,HSK7-9
亲眼,HSK6
亲自,HSK3
亲身,HSK7-9
亲近,HSK7-9
人,HSK1
人为,HSK7-9
人事,HSK7-9
人们,HSK2
人体,HSK7-9
人力,HSK5
人口,HSK2
人员,HSK3
人品,HSK7-9
人均,HSK7-9
人士,HSK5
人家,HSK4
人工,HSK3
人工智能,HSK7-9
人性,HSK7-9
人情,HSK7-9
人手,HSK7-9
人才,HSK3
人数,HSK2
人文,HSK7-9
人权,HSK6
人格,HSK7-9
人次,HSK7-9
人民,HSK3
人民币,HSK3
人气,HSK7-9
人物,HSK5
人生,HSK3
人类,HSK3
人缘儿,HSK7-9
人群,HSK3
人行道,HSK7-9
人质,HSK7-9
人身,HSK7-9
人选,HSK7-9
人造,HSK7-9
人道,HSK7-9
人间,HSK5
亿,HSK2
什么,HSK1
什么样,HSK2
仁慈,HSK7-9
仅,HSK3
仅仅,HSK3
仅次于,HSK7-9
仇,HSK7-9
仇人,HSK7-9
仇恨,HSK7-9
今后,HSK2
今天,HSK1
今年,HSK1
今日,HSK5
介于,HSK7-9
介入,HSK7-9
介意,HSK7-9
介绍,HSK1
仍,HSK3
仍旧,HSK5
仍然,HSK3
从,HSK1
从不,HSK6
从业,HSK7-9
从中,HSK5
从事,HSK3
从今以后,HSK7-9
从前,HSK3
从头,HSK7-9
从容,HSK7-9
从容不迫,HSK7-9
从小,HSK2
从早到晚,HSK7-9
从未,HSK7-9
从来,HSK3
从来不,HSK7-9
从此,HSK4
从没,HSK6
从而,HSK5
仓库,HSK6
仔细,HSK5
他,HSK1
他人,HSK7-9
他们,HSK1
付,HSK3
付出,HSK4
付款,HSK7-9
付费,HSK7-9
仙女,HSK7-9
仙鹤,HSK7-9
代,HSK3
代价,HSK5
代号,HSK7-9
代替,HSK4
代理,HSK5
代理人,HSK7-9
代表,HSK3
代表团,HSK3
代言人,HSK7-9
令,HSK5
以,HSK7-9
以上,HSK2
以下,HSK2
以为,HSK2
以便,HSK5
以免,HSK7-9
以内,HSK4
以前,HSK2
以及,HSK4
以后,HSK2
以外,HSK2
以往,HSK5
以来,HSK3
以至于,HSK7-9
以致,HSK7-9
以身作则,HSK7-9
仪器,HSK6
仪式,HSK6
仪表,HSK7-9
们,HSK1
仰,HSK6
仲裁,HSK7-9
件,HSK2
价,HSK5
价位,HSK7-9
价值,HSK3
价值观,HSK7-9
价格,HSK3
价钱,HSK3
任,HSK3
任人宰割,HSK7-9
任何,HSK3
任务,HSK3
任命,HSK7-9
任意,HSK7-9
任期,HSK7-9
任职,HSK7-9
份,HSK2
份额,HSK7-9
仿,HSK7-9
仿佛,HSK6
仿制,HSK7-9
企业,HSK4
企图,HSK6
伊斯兰教,HSK7-9
休假,HSK2
休克,HSK7-9
休养,HSK7-9
休息,HSK1
休想,HSK7-9
休眠,HSK7-9
休闲,HSK5
众人,HSK7-9
众多,HSK5
众志成城,HSK7-9
众所周知,HSK7-9
优,HSK7-9
优先,HSK5
优势,HSK3
优化,HSK7-9
优异,HSK7-9
优惠,HSK5
优点,HSK3
优秀,HSK4
优美,HSK4
优良,HSK4
优质,HSK6
优越,HSK7-9
优雅,HSK7-9
伙,HSK4
伙伴,HSK4
伙食,HSK7-9
会,HSK1
会员,HSK3
会场,HSK7-9
会意,HSK7-9
会晤,HSK7-9
会见,HSK6
会计,HSK4
会议,HSK3
会诊,HSK7-9
会谈,HSK5
会长,HSK6
会面,HSK7-9
伞,HSK4
伟大,HSK3
传,HSK3
传人,HSK7-9
传出,HSK6
传奇,HSK7-9
传媒,HSK6
传承,HSK7-9
传授,HSK7-9
传播,HSK3
传来,HSK3
传染,HSK7-9
传染病,HSK7-9
传真,HSK5
传统,HSK4
传言,HSK6
传记,HSK7-9
传说,HSK3
传输,HSK6
传达,HSK5
传递,HSK5
传闻,HSK7-9
伤,HSK3
伤亡,HSK6
伤势,HSK7-9
伤口,HSK6
伤员,HSK6
伤害,HSK4
伤心,HSK3
伤感,HSK7-9
伤残,HSK7-9
伤痕,HSK7-9
伤脑筋,HSK7-9
伦理,HSK7-9
伪装,HSK7-9
伪造,HSK7-9
伯伯,HSK7-9
伯母,HSK7-9
伯父,HSK7-9
估算,HSK7-9
估计,HSK5
伴,HSK7-9
伴侣,HSK7-9
伴奏,HSK7-9
伴随,HSK7-9
伸,HSK5
伸张,HSK7-9
伸手,HSK7-9
伸缩,HSK7-9
伺候,HSK7-9
伺机,HSK7-9
似乎,HSK4
似是而非,HSK7-9
似曾相识,HSK7-9
似的,HSK4
但,HSK2
但愿,HSK7-9
但是,HSK2
位,HSK2
位于,HSK4
位子,HSK7-9
位置,HSK4
低,HSK2
低下,HSK7-9
低于,HSK5
低价,HSK7-9
低估,HSK7-9
低头,HSK6
低温,HSK6
低碳,HSK7-9
低调,HSK7-9
低谷,HSK7-9
低迷,HSK7-9
住,HSK1
住址,HSK7-9
住处,HSK7-9
住宅,HSK6
住宿,HSK7-9
住户,HSK7-9
住房,HSK2
住院,HSK2
佐料,HSK7-9
体会,HSK3
体制,HSK7-9
体力,HSK5
体操,HSK4
体检,HSK4
体温,HSK7-9
体现,HSK3
体积,HSK5
体系,HSK7-9
体育,HSK2
体育场,HSK2
体育馆,HSK2
体能,HSK7-9
体谅,HSK7-9
体质,HSK7-9
体贴,HSK7-9
体重,HSK4
体面,HSK7-9
体验,HSK3
何况,HSK7-9
何处,HSK7-9
何必,HSK7-9
何时,HSK7-9
何苦,HSK7-9
余,HSK7-9
余地,HSK7-9
余额,HSK7-9
佛,HSK6
佛教,HSK6
作,HSK6
作业,HSK2
作为,HSK4
作出,HSK4
作品,HSK3
作客,HSK7-9
作家,HSK2
作对,HSK7-9
作废,HSK6
作弊,HSK7-9
作战,HSK6
作文,HSK2
作物,HSK7-9
作用,HSK2
作者,HSK3
作风,HSK7-9
你,HSK1
你们,HSK1
佩服,HSK7-9
佳节,HSK7-9
使,HSK3
使劲,HSK4
使命,HSK7-9
使唤,HSK7-9
使得,HSK5
使用,HSK2
使者,HSK7-9
侃大山,HSK7-9
例外,HSK5
例如,HSK2
例子,HSK2
侍候,HSK7-9
供,HSK7-9
供不应求,HSK7-9
供奉,HSK7-9
供应,HSK4
供暖,HSK7-9
供求,HSK7-9
供给,HSK6
依,HSK7-9
依依不舍,HSK7-9
依托,HSK7-9
依据,HSK5
依旧,HSK5
依次,HSK6
依法,HSK5
依然,HSK4
依照,HSK5
依赖,HSK6
依靠,HSK4
侠义,HSK7-9
侦察,HSK7-9
侧,HSK6
侧重,HSK7-9
侧面,HSK7-9
侮辱,HSK7-9
侵占,HSK7-9
侵害,HSK7-9
侵权,HSK7-9
侵犯,HSK6
侵略,HSK7-9
便,HSK6
便于,HSK5
便利,HSK5
便利店,HSK7-9
便宜,HSK2
便捷,HSK7-9
便是,HSK6
便条,HSK5
便道,HSK7-9
便饭,HSK7-9
促使,HSK4
促成,HSK7-9
促进,HSK4
促销,HSK4
俄语,HSK7-9
俊,HSK7-9
俊俏,HSK7-9
俗,HSK7-9
俗话,HSK7-9
俗话说,HSK7-9
俗语,HSK7-9
俘获,HSK7-9
俘虏,HSK7-9
保,HSK3
保佑,HSK7-9
保修,HSK7-9
保健,HSK6
保养,HSK5
保卫,HSK5
保姆,HSK7-9
保存,HSK3
保守,HSK4
保安,HSK3
保密,HSK4
保护,HSK3
保持,HSK3
保暖,HSK7-9
保留,HSK3
保管,HSK7-9
保证,HSK3
保质期,HSK7-9
保重,HSK7-9
保险,HSK3
保障,HSK7-9
保鲜,HSK7-9
信,HSK2
信仰,HSK6
信件,HSK7-9
信任,HSK3
信号,HSK2
信封,HSK3
信心,HSK2
信念,HSK5
信息,HSK2
信用,HSK6
信用卡,HSK2
信箱,HSK5
信誉,HSK7-9
信贷,HSK7-9
信赖,HSK7-9
俩,HSK4
修,HSK3
修养,HSK5
修复,HSK5
修建,HSK5
修改,HSK3
修正,HSK7-9
修理,HSK4
修补,HSK7-9
修订,HSK7-9
修路,HSK7-9
修车,HSK6
修长,HSK7-9
俯首,HSK7-9
俱乐部,HSK5
倍,HSK4
倒,HSK2
倒下,HSK7-9
倒卖,HSK7-9
倒塌,HSK7-9
倒数,HSK7-9
倒是,HSK5
倒计时,HSK7-9
倒车,HSK4
倒闭,HSK4
倒霉,HSK7-9
倔,HSK7-9
倔强,HSK7-9
倘若,HSK7-9
候选人,HSK7-9
倚,HSK7-9
借,HSK2
借助,HSK7-9
借口,HSK7-9
借条,HSK7-9
借用,HSK7-9
借鉴,HSK6
倡导,HSK5
倡议,HSK7-9
债,HSK6
债务,HSK7-9
值,HSK3
值得,HSK3
值班,HSK5
值钱,HSK7-9
倾向,HSK6
倾听,HSK7-9
倾家荡产,HSK7-9
倾斜,HSK7-9
倾诉,HSK7-9
倾销,HSK7-9
假,HSK2
假使,HSK7-9
假冒,HSK7-9
假如,HSK4
假定,HSK7-9
假日,HSK6
假期,HSK2
假装,HSK7-9
假设,HSK7-9
偏,HSK6
偏偏,HSK7-9
偏僻,HSK7-9
偏向,HSK7-9
偏差,HSK7-9
偏方,HSK7-9
偏见,HSK7-9
偏远,HSK7-9
做,HSK1
做到,HSK2
做客,HSK3
做梦,HSK4
做法,HSK2
做生意,HSK7-9
做证,HSK7-9
做饭,HSK2
停,HSK2
停下,HSK4
停业,HSK7-9
停放,HSK7-9
停止,HSK3
停泊,HSK7-9
停电,HSK7-9
停留,HSK5
停车,HSK2
停车位,HSK7-9
停车场,HSK2
停顿,HSK7-9
健全,HSK5
健壮,HSK7-9
健康,HSK2
健美,HSK7-9
健身,HSK4
偶像,HSK5
偶尔,HSK5
偶然,HSK5
偷,HSK5
偷偷,HSK5
偷懒,HSK7-9
偷看,HSK7-9
偷窥,HSK7-9
偿还,HSK7-9
傍晚,HSK6
储备,HSK7-9
储存,HSK6
储蓄,HSK7-9
催,HSK7-9
催促,HSK7-9
催眠,HSK7-9
傲,HSK7-9
傲慢,HSK7-9
傻,HSK5
傻瓜,HSK7-9
像,HSK2
像样,HSK7-9
僧人,HSK7-9
僵,HSK7-9
僵化,HSK7-9
僵局,HSK7-9
僻静,HSK7-9
儒学,HSK7-9
儒家,HSK7-9
儿女,HSK5
儿子,HSK1
儿科,HSK6
儿童,HSK4
允许,HSK6
元,HSK1
元宵节,HSK7-9
元旦,HSK5
元素,HSK6
元老,HSK7-9
元首,HSK7-9
兄弟,HSK4
充,HSK7-9
充分,HSK4
充实,HSK7-9
充当,HSK7-9
充沛,HSK7-9
充满,HSK3
充电,HSK4
充电器,HSK4
充足,HSK5
兆头,HSK7-9
先,HSK1
先例,HSK7-9
先前,HSK5
先后,HSK5
先天,HSK7-9
先生,HSK1
先进,HSK3
先锋,HSK6
光,HSK3
光临,HSK4
光彩,HSK7-9
光明,HSK3
光明磊落,HSK7-9
光泽,HSK7-9
光滑,HSK7-9
光环,HSK7-9
光盘,HSK4
光碟,HSK7-9
光线,HSK5
光缆,HSK7-9
光芒,HSK7-9
光荣,HSK5
光辉,HSK6
光顾,HSK7-9
克,HSK2
克制,HSK7-9
克服,HSK3
克隆,HSK7-9
免,HSK7-9
免不了,HSK7-9
免得,HSK6
免疫,HSK7-9
免职,HSK7-9
免费,HSK4
免除,HSK7-9
兑换,HSK7-9
兑现,HSK7-9
兔,HSK5
党,HSK6
兜,HSK7-9
兜儿,HSK7-9
兜售,HSK7-9
兢兢业业,HSK7-9
入,HSK6
入侵,HSK7-9
入口,HSK2
入场,HSK7-9
入场券,HSK7-9
入境,HSK7-9
入学,HSK6
入手,HSK7-9
入选,HSK7-9
入门,HSK5
全,HSK2
全世界,HSK5
全体,HSK2
全力,HSK6
全力以赴,HSK7-9
全国,HSK2
全场,HSK3
全家,HSK2
全局,HSK7-9
全年,HSK2
全心全意,HSK7-9
全文,HSK7-9
全新,HSK6
全方位,HSK7-9
全球,HSK3
全程,HSK7-9
全能,HSK7-9
全身,HSK2
全部,HSK2
全都,HSK5
全长,HSK7-9
全面,HSK3
八,HSK1
八卦,HSK7-9
公,HSK6
公主,HSK6
公事,HSK7-9
公交车,HSK2
公仆,HSK7-9
公众,HSK6
公元,HSK4
公共,HSK3
公共场所,HSK7-9
公共汽车,HSK2
公关,HSK7-9
公函,HSK7-9
公务,HSK7-9
公务员,HSK3
公司,HSK2
公告,HSK5
公园,HSK2
公墓,HSK7-9
公安,HSK6
公安局,HSK7-9
公寓,HSK7-9
公布,HSK3
公平,HSK2
公开,HSK3
公开信,HSK7-9
公式,HSK5
公斤,HSK2
公款,HSK7-9
公正,HSK5
公民,HSK3
公然,HSK7-9
公用,HSK7-9
公益,HSK7-9
公益性,HSK7-9
公示,HSK7-9
公积金,HSK7-9
公立,HSK7-9
公约,HSK7-9
公职,HSK7-9
公认,HSK5
公证,HSK7-9
公费,HSK7-9
公路,HSK2
公车,HSK7-9
公道,HSK7-9
公里,HSK2
公顷,HSK7-9
公鸡,HSK6
六,HSK1
共,HSK4
共享,HSK5
共同,HSK3
共同体,HSK7-9
共性,HSK7-9
共有,HSK3
共计,HSK5
共识,HSK7-9
共鸣,HSK7-9
关,HSK1
关上,HSK1
关于,HSK4
关头,HSK7-9
关心,HSK2
关怀,HSK5
关掉,HSK7-9
关机,HSK2
关注,HSK3
关照,HSK7-9
关爱,HSK6
关税,HSK7-9
关系,HSK3
关联,HSK6
关节,HSK7-9
关键,HSK5
关闭,HSK4
兴奋,HSK4
兴奋剂,HSK7-9
兴建,HSK7-9
兴旺,HSK6
兴致,HSK7-9
兴起,HSK7-9
兴趣,HSK4
兴高采烈,HSK7-9
兵,HSK4
其,HSK5
其中,HSK2
其他,HSK2
其余,HSK4
其后,HSK7-9
其实,HSK3
其次,HSK3
其间,HSK7-9
具体,HSK3
具备,HSK4
具有,HSK3
典型,HSK4
典礼,HSK5
典范,HSK7-9
兹,HSK7-9
养,HSK2
养成,HSK4
养殖,HSK7-9
养活,HSK7-9
养生,HSK7-9
养老,HSK6
养老金,HSK7-9
养老院,HSK7-9
兼,HSK7-9
兼任,HSK7-9
兼容,HSK7-9
兼职,HSK7-9
兼顾,HSK7-9
内,HSK3
内向,HSK7-9
内在,HSK5
内地,HSK6
内外,HSK6
内存,HSK7-9
内容,HSK3
内幕,HSK7-9
内心,HSK3
内涵,HSK7-9
内科,HSK4
内行,HSK7-9
内衣,HSK6
内部,HSK4
内阁,HSK7-9
内需,HSK7-9
册,HSK5
再,HSK1
再三,HSK4
再也,HSK5
再度,HSK7-9
再次,HSK5
再现,HSK7-9
再生,HSK6
再见,HSK1
再说,HSK6
冒,HSK5
冒充,HSK7-9
冒昧,HSK7-9
冒犯,HSK7-9
冒险,HSK7-9
冗长,HSK7-9
写,HSK1
写作,HSK3
写字台,HSK6
写字楼,HSK6
写照,HSK7-9
军事,HSK6
军人,HSK5
军官,HSK7-9
军舰,HSK6
军队,HSK6
农业,HSK3
农产品,HSK5
农作物,HSK7-9
农历,HSK7-9
农场,HSK7-9
农村,HSK3
农民,HSK3
农民工,HSK7-9
冠军,HSK5
冤,HSK7-9
冤枉,HSK7-9
冬天,HSK2
冬季,HSK4
冰,HSK4
冰山,HSK7-9
冰棍儿,HSK7-9
冰箱,HSK4
冰雪,HSK4
冲,HSK4
冲击,HSK6
冲刺,HSK7-9
冲动,HSK5
冲撞,HSK7-9
冲洗,HSK7-9
冲浪,HSK7-9
冲突,HSK5
决不,HSK5
决定,HSK3
决心,HSK3
决策,HSK6
决议,HSK7-9
决赛,HSK3
况且,HSK7-9
冷,HSK1
冷冻,HSK7-9
冷战,HSK7-9
冷气,HSK6
冷水,HSK6
冷淡,HSK7-9
冷漠,HSK7-9
冷笑,HSK7-9
冷落,HSK7-9
冷酷,HSK7-9
冷酷无情,HSK7-9
冷门,HSK7-9
冷静,HSK4
冻,HSK5
冻结,HSK7-9
净,HSK6
净化,HSK7-9
凄凉,HSK7-9
准,HSK3
准则,HSK7-9
准备,HSK1
准时,HSK4
准确,HSK2
准许,HSK7-9
凉,HSK2
凉快,HSK2
凉水,HSK3
凉爽,HSK7-9
凉鞋,HSK6
凌晨,HSK7-9
减,HSK4
减免,HSK7-9
减压,HSK7-9
减少,HSK4
减弱,HSK7-9
减肥,HSK4
减轻,HSK5
减速,HSK7-9
凑,HSK7-9
凑合,HSK7-9
凑巧,HSK7-9
凝固,HSK7-9
凝聚,HSK7-9
几,HSK1
几乎,HSK4
几率,HSK7-9
凡,HSK7-9
凡是,HSK6
凤凰,HSK7-9
凭,HSK5
凭借,HSK7-9
凭着,HSK7-9
凭证,HSK7-9
凯歌,HSK7-9
凳子,HSK7-9
凶,HSK6
凶恶,HSK7-9
凶手,HSK6
凶残,HSK7-9
凶狠,HSK7-9
凶猛,HSK7-9
凸,HSK7-9
凸显,HSK7-9
凹,HSK7-9
出,HSK1
出丑,HSK7-9
出主意,HSK7-9
出事,HSK6
出于,HSK5
出人意料,HSK7-9
出任,HSK7-9
出众,HSK7-9
出入,HSK6
出具,HSK7-9
出动,HSK6
出卖,HSK7-9
出厂,HSK7-9
出去,HSK1
出发,HSK2
出发点,HSK7-9
出口,HSK2
出口成章,HSK7-9
出台,HSK6
出名,HSK6
出售,HSK4
出国,HSK2
出土,HSK7-9
出场,HSK6
出境,HSK7-9
出头,HSK7-9
出局,HSK7-9
出山,HSK7-9
出差,HSK5
出席,HSK4
出息,HSK7-9
出手,HSK7-9
出来,HSK1
出毛病,HSK7-9
出汗,HSK5
出洋相,HSK7-9
出游,HSK7-9
出演,HSK7-9
出版,HSK5
出版社,HSK7-9
出现,HSK2
出生,HSK2
出示,HSK7-9
出租,HSK2
出租车,HSK2
出自,HSK7-9
出色,HSK4
出血,HSK7-9
出行,HSK6
出访,HSK6
出资,HSK7-9
出走,HSK7-9
出路,HSK6
出身,HSK7-9
出道,HSK7-9
出门,HSK2
出院,HSK2
出难题,HSK7-9
出面,HSK6
出风头,HSK7-9
函授,HSK7-9
凿,HSK7-9
刀,HSK3
刁难,HSK7-9
分,HSK1
分为,HSK4
分之,HSK4
分享,HSK5
分别,HSK3
分割,HSK7-9
分化,HSK7-9
分外,HSK7-9
分寸,HSK7-9
分工,HSK6
分布,HSK4
分开,HSK2
分成,HSK5
分手,HSK4
分担,HSK7-9
分支,HSK7-9
分散,HSK4
分数,HSK2
分明,HSK7-9
分析,HSK5
分歧,HSK7-9
分泌,HSK7-9
分离,HSK5
分类,HSK5
分红,HSK7-9
分组,HSK3
分裂,HSK6
分解,HSK5
分赃,HSK7-9
分辨,HSK7-9
分配,HSK3
分量,HSK7-9
分钟,HSK2
切,HSK4
切割,HSK7-9
切实,HSK6
切断,HSK7-9
切身,HSK7-9
切除,HSK7-9
刊物,HSK7-9
刊登,HSK7-9
刑法,HSK7-9
划,HSK4
划分,HSK5
划时代,HSK7-9
划算,HSK7-9
划船,HSK3
列,HSK4
列为,HSK4
列举,HSK7-9
列入,HSK4
列车,HSK4
则,HSK7-9
刚,HSK2
刚刚,HSK2
刚好,HSK6
刚才,HSK2
刚毅,HSK7-9
创,HSK7-9
创业,HSK3
创伤,HSK7-9
创作,HSK3
创办,HSK6
创始人,HSK7-9
创建,HSK6
创意,HSK6
创新,HSK3
创立,HSK5
创造,HSK3
初,HSK3
初中,HSK3
初期,HSK5
初次,HSK7-9
初步,HSK3
初等,HSK6
初级,HSK3
初衷,HSK7-9
删,HSK7-9
删除,HSK7-9
判,HSK6
判决,HSK7-9
判处,HSK7-9
判定,HSK7-9
判断,HSK3
刨,HSK7-9
利,HSK6
利害,HSK7-9
利息,HSK4
利润,HSK5
利率,HSK7-9
利用,HSK3
利益,HSK4
利索,HSK7-9
别,HSK1
别人,HSK1
别具匠心,HSK7-9
别墅,HSK7-9
别扭,HSK7-9
别提了,HSK7-9
别的,HSK1
别看,HSK7-9
别致,HSK7-9
别说,HSK7-9
刮,HSK6
刮风,HSK7-9
到,HSK1
到位,HSK7-9
到处,HSK2
到头来,HSK7-9
到底,HSK3
到期,HSK6
到来,HSK5
到达,HSK3
制,HSK7-9
制作,HSK3
制品,HSK7-9
制定,HSK3
制度,HSK3
制成,HSK5
制服,HSK7-9
制止,HSK7-9
制约,HSK5
制裁,HSK7-9
制订,HSK4
制造,HSK3
刷,HSK4
刷子,HSK4
刷新,HSK7-9
刷牙,HSK4
券,HSK6
刹车,HSK7-9
刺,HSK4
刺激,HSK4
刺绣,HSK7-9
刺耳,HSK7-9
刺骨,HSK7-9
刻,HSK2
刻意,HSK7-9
刻舟求剑,HSK7-9
刻苦,HSK7-9
剂,HSK7-9
剃,HSK7-9
削,HSK7-9
削弱,HSK7-9
前,HSK1
前不久,HSK7-9
前仰后合,HSK7-9
前任,HSK7-9
前台,HSK7-9
前后,HSK3
前夕,HSK7-9
前天,HSK1
前头,HSK4
前年,HSK2
前往,HSK3
前所未有,HSK7-9
前提,HSK5
前方,HSK6
前无古人,HSK7-9
前景,HSK5
前期,HSK7-9
前来,HSK6
前沿,HSK7-9
前线,HSK7-9
前者,HSK7-9
前赴后继,HSK7-9
前辈,HSK7-9
前边,HSK1
前进,HSK3
前途,HSK4
前面,HSK3
剑,HSK6
剔除,HSK7-9
剥,HSK7-9
剥削,HSK7-9
剥夺,HSK7-9
剧,HSK6
剧团,HSK7-9
剧场,HSK3
剧情,HSK7-9
剧本,HSK5
剧烈,HSK7-9
剧目,HSK7-9
剧组,HSK7-9
剧院,HSK7-9
剩,HSK5
剩下,HSK5
剩余,HSK7-9
剪,HSK5
剪刀,HSK5
剪子,HSK5
副,HSK6
副作用,HSK7-9
割,HSK7-9
劈,HSK7-9
力,HSK3
力不从心,HSK7-9
力争,HSK7-9
力度,HSK7-9
力所能及,HSK7-9
力气,HSK4
力求,HSK7-9
力量,HSK3
劝,HSK5
劝告,HSK7-9
劝说,HSK7-9
劝阻,HSK7-9
办,HSK2
办不到,HSK7-9
办事,HSK4
办事处,HSK6
办公,HSK6
办公室,HSK2
办学,HSK6
办法,HSK2
办理,HSK3
功,HSK7-9
功力,HSK7-9
功劳,HSK7-9
功夫,HSK3
功底,HSK7-9
功效,HSK7-9
功率,HSK7-9
功能,HSK3
功臣,HSK7-9
功课,HSK3
加,HSK2
加上,HSK5
加以,HSK5
加入,HSK4
加剧,HSK7-9
加工,HSK3
加强,HSK3
加快,HSK3
加油,HSK2
加油站,HSK4
加深,HSK7-9
加热,HSK5
加班,HSK4
加盟,HSK6
加紧,HSK7-9
加速,HSK5
加重,HSK7-9
务实,HSK7-9
务必,HSK7-9
劣势,HSK7-9
劣质,HSK7-9
动,HSK1
动不动,HSK7-9
动人,HSK3
动作,HSK1
动力,HSK3
动向,HSK7-9
动听,HSK7-9
动员,HSK5
动工,HSK7-9
动弹,HSK7-9
动态,HSK5
动感,HSK7-9
动手,HSK5
动摇,HSK4
动机,HSK5
动物,HSK2
动物园,HSK2
动用,HSK7-9
动画,HSK6
动画片,HSK4
动脉,HSK7-9
动荡,HSK7-9
动身,HSK7-9
动静,HSK7-9
助威,HSK7-9
助手,HSK5
助理,HSK5
努力,HSK2
劫,HSK7-9
劫持,HSK7-9
励志,HSK7-9
劲头,HSK7-9
劳务,HSK7-9
劳动,HSK5
劳动力,HSK7-9
劳累,HSK7-9
势不可当,HSK7-9
势力,HSK5
势头,HSK7-9
势必,HSK7-9
勇于,HSK7-9
勇往直前,HSK7-9
勇敢,HSK4
勇气,HSK4
勉强,HSK7-9
勋章,HSK7-9
勒,HSK7-9
勘探,HSK7-9
募捐,HSK7-9
勤劳,HSK7-9
勤奋,HSK5
勤工俭学,HSK7-9
勤快,HSK7-9
勺,HSK6
勾,HSK7-9
勾画,HSK7-9
勾结,HSK7-9
勿,HSK7-9
包,HSK1
包含,HSK4
包围,HSK5
包子,HSK1
包容,HSK7-9
包扎,HSK7-9
包括,HSK4
包袱,HSK7-9
包装,HSK5
包裹,HSK4
匆匆,HSK7-9
匆忙,HSK7-9
化,HSK3
化妆,HSK7-9
化石,HSK5
化纤,HSK7-9
化肥,HSK7-9
化解,HSK6
化身,HSK7-9
化险为夷,HSK7-9
化验,HSK7-9
北,HSK1
北京,HSK1
北方,HSK2
北极,HSK5
北边,HSK1
北部,HSK3
匹,HSK5
匹配,HSK7-9
区,HSK3
区分,HSK6
区别,HSK3
区域,HSK5
医务,HSK7-9
医学,HSK4
医生,HSK1
医疗,HSK4
医药,HSK6
医院,HSK1
匿名,HSK7-9
十,HSK1
十分,HSK2
十字路口,HSK7-9
十足,HSK5
千,HSK2
千万,HSK3
千克,HSK2
千军万马,HSK7-9
千变万化,HSK7-9
千家万户,HSK7-9
千方百计,HSK7-9
千钧一发,HSK7-9
升,HSK3
升值,HSK6
升学,HSK6
升温,HSK7-9
升级,HSK6
升高,HSK5
午睡,HSK2
午餐,HSK2
午饭,HSK1
半,HSK1
半信半疑,HSK7-9
半决赛,HSK6
半场,HSK7-9
半夜,HSK2
半天,HSK1
半岛,HSK7-9
半年,HSK1
半数,HSK7-9
半真半假,HSK7-9
半路,HSK7-9
半边天,HSK7-9
半途而废,HSK7-9
华丽,HSK7-9
华人,HSK3
华侨,HSK7-9
华裔,HSK7-9
华语,HSK5
协会,HSK6
协作,HSK7-9
协助,HSK6
协同,HSK7-9
协商,HSK6
协定,HSK7-9
协议,HSK5
协议书,HSK5
协调,HSK6
卑鄙,HSK7-9
卓越,HSK7-9
单,HSK4
单一,HSK5
单位,HSK2
单元,HSK3
单打,HSK6
单方面,HSK7-9
单独,HSK4
单纯,HSK4
单薄,HSK7-9
单调,HSK4
单身,HSK7-9
单边,HSK7-9
卖,HSK2
卖弄,HSK7-9
南,HSK1
南北,HSK5
南方,HSK2
南极,HSK5
南瓜,HSK7-9
南边,HSK1
南部,HSK3
博士,HSK5
博客,HSK5
博物馆,HSK5
博览会,HSK5
占,HSK2
占卜,HSK7-9
占据,HSK6
占有,HSK5
占用,HSK7-9
占领,HSK5
卡,HSK2
卡子,HSK7-9
卡片,HSK7-9
卡车,HSK7-9
卡通,HSK7-9
卤味,HSK7-9
卧,HSK7-9
卧室,HSK5
卧铺,HSK6
卫星,HSK5
卫生,HSK3
卫生间,HSK3
卫视,HSK7-9
印,HSK6
印刷,HSK5
印刷术,HSK7-9
印章,HSK7-9
印证,HSK7-9
印象,HSK3
危及,HSK7-9
危害,HSK3
危急,HSK7-9
危机,HSK6
危险,HSK3
即,HSK7-9
即使,HSK5
即便,HSK7-9
即可,HSK7-9
即将,HSK4
却,HSK4
却是,HSK6
卵,HSK7-9
卷,HSK4
卷入,HSK7-9
卷子,HSK7-9
卸,HSK7-9
厂,HSK3
厂商,HSK6
厂家,HSK7-9
厂长,HSK5
厄运,HSK7-9
厅,HSK5
历史,HSK4
历届,HSK7-9
历时,HSK7-9
历来,HSK7-9
历程,HSK7-9
历经,HSK7-9
厉害,HSK5
压,HSK3
压倒,HSK7-9
压制,HSK7-9
压力,HSK3
压抑,HSK7-9
压缩,HSK7-9
压迫,HSK6
厌倦,HSK7-9
厌烦,HSK7-9
厕所,HSK6
厘米,HSK4
厚,HSK4
厚度,HSK7-9
厚道,HSK7-9
原,HSK6
原先,HSK5
原则,HSK4
原创,HSK7-9
原告,HSK6
原因,HSK2
原地,HSK7-9
原型,HSK7-9
原始,HSK5
原料,HSK4
原有,HSK5
原本,HSK7-9
原材料,HSK7-9
原来,HSK2
原汁原味,HSK7-9
原理,HSK5
原装,HSK7-9
原谅,HSK6
厨师,HSK6
厨房,HSK5
去,HSK1
去世,HSK3
去向,HSK7-9
去处,HSK7-9
去年,HSK1
去掉,HSK6
去除,HSK7-9
县,HSK4
参与,HSK4
参军,HSK7-9
参加,HSK2
参展,HSK6
参照,HSK7-9
参考,HSK4
参见,HSK7-9
参观,HSK2
参谋,HSK7-9
参赛,HSK6
又,HSK2
叉,HSK5
叉子,HSK5
及,HSK7-9
及其,HSK7-9
及早,HSK7-9
及时,HSK3
及格,HSK4
友人,HSK7-9
友善,HSK7-9
友好,HSK2
友情,HSK7-9
友谊,HSK5
双,HSK3
双向,HSK7-9
双手,HSK5
双打,HSK6
双方,HSK3
双胞胎,HSK7-9
双赢,HSK7-9
双边,HSK7-9
双重,HSK7-9
反,HSK4
反倒,HSK7-9
反击,HSK7-9
反响,HSK6
反复,HSK3
反对,HSK3
反差,HSK7-9
反常,HSK7-9
反应,HSK3
反弹,HSK7-9
反思,HSK7-9
反感,HSK7-9
反抗,HSK6
反映,HSK4
反正,HSK3
反省,HSK7-9
反而,HSK4
反过来,HSK7-9
反问,HSK6
反面,HSK7-9
反馈,HSK7-9
反驳,HSK7-9
发,HSK2
发作,HSK7-9
发光,HSK7-9
发出,HSK3
发动,HSK3
发型,HSK7-9
发射,HSK5
发展,HSK3
发布,HSK5
发布会,HSK7-9
发怒,HSK6
发愁,HSK7-9
发愣,HSK7-9
发愤图强,HSK7-9
发扬,HSK7-9
发扬光大,HSK7-9
发抖,HSK7-9
发挥,HSK4
发掘,HSK7-9
发放,HSK6
发明,HSK3
发泄,HSK7-9
发源地,HSK7-9
发火,HSK7-9
发炎,HSK6
发烧,HSK4
发热,HSK7-9
发现,HSK2
发生,HSK3
发电,HSK6
发电机,HSK7-9
发病,HSK6
发票,HSK4
发育,HSK7-9
发脾气,HSK7-9
发行,HSK5
发表,HSK3
发觉,HSK5
发言,HSK3
发言人,HSK6
发誓,HSK7-9
发财,HSK7-9
发起,HSK6
发起人,HSK7-9
发达,HSK3
发送,HSK3
发酵,HSK7-9
叔叔,HSK4
取,HSK2
取代,HSK7-9
取决于,HSK7-9
取得,HSK2
取暖,HSK7-9
取款,HSK6
取款机,HSK6
取消,HSK3
取笑,HSK7-9
取经,HSK7-9
取缔,HSK7-9
取而代之,HSK7-9
取胜,HSK7-9
受,HSK3
受不了,HSK4
受伤,HSK3
受到,HSK2
受害,HSK7-9
受害人,HSK7-9
受惊,HSK7-9
受灾,HSK5
受理,HSK7-9
受益,HSK7-9
受苦,HSK7-9
受贿,HSK7-9
受过,HSK7-9
受骗,HSK7-9
变,HSK2
变为,HSK3
变动,HSK5
变化,HSK3
变幻莫测,HSK7-9
变异,HSK7-9
变形,HSK6
变成,HSK2
变换,HSK6
变更,HSK6
变质,HSK7-9
变迁,HSK7-9
变革,HSK7-9
叙述,HSK7-9
叛逆,HSK7-9
叠,HSK7-9
口,HSK1
口令,HSK7-9
口号,HSK5
口吃,HSK7-9
口味,HSK7-9
口哨,HSK7-9
口头,HSK7-9
口子,HSK7-9
口径,HSK7-9
口感,HSK7-9
口才,HSK7-9
口气,HSK7-9
口水,HSK7-9
口碑,HSK7-9
口罩,HSK7-9
口腔,HSK7-9
口袋,HSK4
口试,HSK6
口语,HSK4
口音,HSK7-9
口香糖,HSK7-9
古,HSK3
古人,HSK7-9
古今中外,HSK7-9
古代,HSK3
古典,HSK6
古怪,HSK7-9
古朴,HSK7-9
古老,HSK5
古董,HSK7-9
古迹,HSK7-9
句,HSK2
句子,HSK2
另,HSK6
另一方面,HSK3
另外,HSK3
只,HSK2
只不过,HSK5
只好,HSK3
只得,HSK6
只是,HSK3
只有,HSK3
只管,HSK6
只能,HSK2
只要,HSK2
只见,HSK5
只顾,HSK6
叫,HSK1
叫作,HSK2
叫好,HSK7-9
叫板,HSK7-9
召开,HSK4
召集,HSK7-9
叮嘱,HSK7-9
可,HSK5
可不是,HSK7-9
可乐,HSK3
可乘之机,HSK7-9
可以,HSK2
可信,HSK7-9
可口,HSK7-9
可怕,HSK2
可怜,HSK5
可恶,HSK7-9
可悲,HSK7-9
可惜,HSK5
可想而知,HSK7-9
可是,HSK2
可歌可泣,HSK7-9
可爱,HSK2
可疑,HSK7-9
可笑,HSK7-9
可耻,HSK7-9
可能,HSK2
可行,HSK7-9
可见,HSK4
可观,HSK7-9
可谓,HSK7-9
可贵,HSK7-9
可靠,HSK3
台,HSK3
台上,HSK4
台灯,HSK6
台球,HSK7-9
台阶,HSK4
台风,HSK5
史无前例,HSK7-9
右,HSK1
右边,HSK1
叶子,HSK4
号,HSK1
号召,HSK5
号码,HSK4
号称,HSK7-9
司令,HSK7-9
司机,HSK2
司法,HSK7-9
司空见惯,HSK7-9
司长,HSK6
叹气,HSK6
叼,HSK7-9
吃,HSK1
吃不上,HSK7-9
吃亏,HSK7-9
吃力,HSK5
吃喝玩乐,HSK7-9
吃惊,HSK4
吃苦,HSK7-9
吃饭,HSK1
各,HSK3
各个,HSK4
各位,HSK3
各地,HSK3
各奔前程,HSK7-9
各式各样,HSK7-9
各种,HSK3
各自,HSK3
合,HSK3
合乎,HSK7-9
合伙,HSK7-9
合作,HSK3
合作社,HSK7-9
合同,HSK4
合唱,HSK7-9
合并,HSK5
合影,HSK7-9
合情合理,HSK7-9
合成,HSK5
合格,HSK3
合法,HSK3
合理,HSK3
合约,HSK6
合计,HSK7-9
合资,HSK7-9
合适,HSK2
吉他,HSK7-9
吉利,HSK6
吉普,HSK7-9
吉祥,HSK6
吉祥物,HSK7-9
吊,HSK6
吊销,HSK7-9
同,HSK6
同一,HSK6
同事,HSK2
同人,HSK7-9
同伙,HSK7-9
同伴,HSK7-9
同学,HSK1
同年,HSK7-9
同志,HSK7-9
同情,HSK4
同意,HSK3
同感,HSK7-9
同时,HSK2
同期,HSK6
同样,HSK2
同步,HSK7-9
同盟,HSK7-9
同等,HSK7-9
同类,HSK7-9
同胞,HSK6
同舟共济,HSK7-9
同行,HSK6
名,HSK2
名义,HSK6
名人,HSK4
名利,HSK7-9
名副其实,HSK7-9
名单,HSK2
名声,HSK7-9
名字,HSK1
名气,HSK7-9
名片,HSK4
名牌儿,HSK4
名称,HSK2
名胜,HSK6
名著,HSK7-9
名言,HSK7-9
名誉,HSK6
名贵,HSK7-9
名额,HSK6
后,HSK1
后人,HSK7-9
后代,HSK7-9
后勤,HSK7-9
后台,HSK7-9
后备,HSK7-9
后备箱,HSK7-9
后天,HSK1
后头,HSK4
后年,HSK3
后悔,HSK5
后期,HSK7-9
后来,HSK2
后果,HSK3
后盾,HSK7-9
后续,HSK7-9
后者,HSK7-9
后裔,HSK7-9
后边,HSK1
后退,HSK7-9
后遗症,HSK7-9
后面,HSK3
后顾之忧,HSK7-9
吐,HSK5
向,HSK2
向上,HSK5
向前,HSK5
向导,HSK5
向往,HSK7-9
向来,HSK7-9
向着,HSK7-9
吓,HSK5
吓人,HSK7-9
吓唬,HSK7-9
吗,HSK1
君子,HSK7-9
吞,HSK6
否决,HSK7-9
否则,HSK4
否定,HSK3
否认,HSK3
吧,HSK1
吨,HSK5
吩咐,HSK7-9
含,HSK4
含义,HSK4
含有,HSK4
含糊,HSK7-9
含蓄,HSK7-9
含量,HSK4
听,HSK1
听从,HSK7-9
听众,HSK3
听写,HSK1
听到,HSK1
听力,HSK3
听取,HSK6
听见,HSK1
听讲,HSK2
听话,HSK7-9
听说,HSK2
启事,HSK5
启动,HSK5
启发,HSK5
启示,HSK7-9
启蒙,HSK7-9
启迪,HSK7-9
吵,HSK3
吵嘴,HSK7-9
吵架,HSK3
吸,HSK4
吸取,HSK7-9
吸引,HSK4
吸收,HSK4
吸毒,HSK6
吸烟,HSK4
吸管,HSK4
吸纳,HSK7-9
吹,HSK2
吹了,HSK7-9
吹捧,HSK7-9
吹牛,HSK7-9
吻,HSK7-9
吻合,HSK7-9
吼,HSK7-9
呀,HSK4
呆,HSK5
呈现,HSK7-9
告,HSK7-9
告别,HSK3
告状,HSK7-9
告知,HSK7-9
告示,HSK7-9
告诉,HSK1
告诫,HSK7-9
告辞,HSK7-9
呐喊,HSK7-9
呕吐,HSK7-9
员,HSK3
员工,HSK3
呛,HSK7-9
呜咽,HSK7-9
呢,HSK1
周,HSK2
周到,HSK7-9
周围,HSK3
周密,HSK7-9
周年,HSK2
周旋,HSK7-9
周期,HSK5
周末,HSK2
周边,HSK7-9
味儿,HSK4
味精,HSK7-9
味道,HSK2
呵护,HSK7-9
呼吁,HSK7-9
呼吸,HSK4
呼唤,HSK7-9
呼声,HSK7-9
呼应,HSK7-9
呼救,HSK7-9
呼风唤雨,HSK7-9
命,HSK6
命令,HSK5
命名,HSK7-9
命运,HSK3
命题,HSK7-9
和,HSK1
和尚,HSK7-9
和平,HSK3
和平共处,HSK7-9
和气,HSK7-9
和睦,HSK7-9
和蔼,HSK7-9
和解,HSK7-9
和谐,HSK6
咖啡,HSK3
咧嘴,HSK7-9
咨询,HSK6
咬,HSK5
咱,HSK2
咱们,HSK2
咳,HSK5
咳嗽,HSK7-9
咸,HSK4
咽,HSK7-9
咽喉,HSK7-9
哀求,HSK7-9
品,HSK5
品位,HSK7-9
品尝,HSK7-9
品德,HSK7-9
品牌,HSK6
品种,HSK5
品行,HSK7-9
品质,HSK4
哄,HSK7-9
哄堂大笑,HSK7-9
哆嗦,HSK7-9
哇,HSK6
哈哈,HSK3
响,HSK2
响亮,HSK7-9
响声,HSK6
响应,HSK7-9
响起,HSK7-9
哎,HSK7-9
哎呀,HSK7-9
哑,HSK7-9
哗变,HSK7-9
哗然,HSK7-9
哥,HSK1
哥哥,HSK1
哦,HSK7-9
哪,HSK1
哪些,HSK1
哪儿,HSK1
哪怕,HSK4
哪知道,HSK7-9
哪里,HSK1
哭,HSK2
哭泣,HSK7-9
哭笑不得,HSK7-9
哲学,HSK6
哺育,HSK7-9
哼,HSK7-9
唉,HSK7-9
唠叨,HSK7-9
唤起,HSK7-9
售价,HSK7-9
售票,HSK7-9
售货员,HSK4
唯,HSK7-9
唯一,HSK5
唯独,HSK7-9
唱,HSK1
唱歌,HSK1
唱片,HSK4
唾液,HSK7-9
啃,HSK7-9
商业,HSK3
商人,HSK2
商务,HSK4
商品,HSK3
商场,HSK1
商城,HSK6
商店,HSK1
商标,HSK5
商讨,HSK7-9
商贩,HSK7-9
商贾,HSK7-9
商量,HSK2
啊,HSK2
啤酒,HSK3
啦,HSK6
啦啦队,HSK7-9
喂,HSK2
喂养,HSK7-9
善,HSK7-9
善于,HSK4
善意,HSK7-9
善良,HSK4
喇叭,HSK7-9
喉咙,HSK7-9
喊,HSK2
喘,HSK7-9
喘息,HSK7-9
喜事,HSK7-9
喜出望外,HSK7-9
喜剧,HSK5
喜好,HSK7-9
喜庆,HSK7-9
喜怒哀乐,HSK7-9
喜悦,HSK7-9
喜欢,HSK1
喜洋洋,HSK7-9
喜爱,HSK4
喜糖,HSK7-9
喜酒,HSK7-9
喝,HSK1
喝彩,HSK7-9
喧哗,HSK7-9
喧闹,HSK7-9
喷,HSK5
喷泉,HSK7-9
嗅觉,HSK7-9
嗓子,HSK7-9
嗜好,HSK7-9
嘉宾,HSK6
嘉年华,HSK7-9
嘛,HSK6
嘱咐,HSK7-9
嘲弄,HSK7-9
嘲笑,HSK7-9
嘴,HSK2
嘴唇,HSK7-9
嘴巴,HSK4
嘿,HSK7-9
器官,HSK4
器材,HSK7-9
器械,HSK7-9
噪声,HSK7-9
噪音,HSK7-9
嚷,HSK7-9
嚼,HSK7-9
囚犯,HSK7-9
四,HSK1
四合院,HSK7-9
四周,HSK5
四处,HSK6
四季,HSK7-9
四面八方,HSK7-9
回,HSK1
回信,HSK5
回到,HSK1
回升,HSK7-9
回去,HSK1
回味,HSK7-9
回国,HSK2
回复,HSK4
回头,HSK5
回家,HSK1
回应,HSK6
回归,HSK7-9
回忆,HSK5
回忆录,HSK7-9
回想,HSK7-9
回扣,HSK7-9
回报,HSK5
回收,HSK5
回来,HSK1
回答,HSK1
回落,HSK7-9
回避,HSK5
回顾,HSK5
回馈,HSK7-9
回首,HSK7-9
因,HSK6
因为,HSK2
因人而异,HSK7-9
因此,HSK3
因素,HSK6
因而,HSK5
团,HSK3
团伙,HSK7-9
团体,HSK3
团员,HSK7-9
团圆,HSK7-9
团结,HSK3
团聚,HSK7-9
团长,HSK5
团队,HSK6
园,HSK6
园地,HSK6
园林,HSK5
困,HSK3
困境,HSK7-9
困惑,HSK7-9
困扰,HSK5
困难,HSK3
围,HSK3
围墙,HSK7-9
围巾,HSK4
围绕,HSK5
固定,HSK4
固执,HSK7-9
固然,HSK7-9
国,HSK1
国产,HSK6
国会,HSK6
国内,HSK3
国土,HSK7-9
国外,HSK1
国学,HSK7-9
国宝,HSK7-9
国家,HSK1
国庆,HSK3
国徽,HSK7-9
国情,HSK7-9
国旗,HSK6
国有,HSK7-9
国歌,HSK6
国民,HSK5
国王,HSK6
国画,HSK7-9
国籍,HSK5
国防,HSK7-9
国际,HSK2
图,HSK3
图书,HSK6
图书馆,HSK1
图像,HSK7-9
图形,HSK7-9
图案,HSK4
图片,HSK2
图画,HSK3
图纸,HSK7-9
图表,HSK7-9
圆,HSK4
圆形,HSK7-9
圆满,HSK4
圆珠笔,HSK6
圈,HSK4
圈套,HSK7-9
圈子,HSK7-9
土,HSK3
土匪,HSK7-9
土地,HSK4
土壤,HSK7-9
土生土长,HSK7-9
土豆,HSK5
圣诞节,HSK6
圣贤,HSK7-9
在,HSK1
在乎,HSK4
在于,HSK4
在内,HSK5
在场,HSK5
在家,HSK1
在意,HSK7-9
在线,HSK7-9
在职,HSK7-9
地,HSK1
地上,HSK1
地下,HSK4
地下室,HSK6
地下水,HSK7-9
地位,HSK4
地区,HSK3
地名,HSK6
地图,HSK1
地址,HSK4
地域,HSK7-9
地带,HSK5
地形,HSK5
地方,HSK1
地板,HSK6
地步,HSK7-9
地段,HSK7-9
地毯,HSK7-9
地点,HSK1
地狱,HSK7-9
地球,HSK2
地理,HSK7-9
地质,HSK7-9
地道,HSK7-9
地铁,HSK2
地铁站,HSK2
地震,HSK5
地面,HSK4
场,HSK2
场合,HSK3
场地,HSK6
场所,HSK3
场景,HSK6
场面,HSK5
场馆,HSK6
均匀,HSK7-9
均衡,HSK7-9
坏,HSK1
坏事,HSK7-9
坏人,HSK2
坏处,HSK2
坐,HSK1
坐下,HSK1
坐落,HSK7-9
坑,HSK7-9
块,HSK1
坚信,HSK7-9
坚决,HSK3
坚固,HSK4
坚守,HSK7-9
坚定,HSK5
坚实,HSK7-9
坚强,HSK3
坚持,HSK3
坚持不懈,HSK7-9
坚硬,HSK7-9
坚韧,HSK7-9
坛,HSK7-9
坝,HSK7-9
坟,HSK7-9
坟墓,HSK7-9
坠,HSK7-9
坡,HSK6
坦克,HSK7-9
坦然,HSK7-9
坦率,HSK7-9
坦白,HSK7-9
坦诚,HSK7-9
垂,HSK7-9
垂头丧气,HSK7-9
垃圾,HSK4
垄断,HSK7-9
型,HSK4
型号,HSK4
垫,HSK7-9
垫子,HSK7-9
垫底,HSK7-9
垮,HSK7-9
埋,HSK6
埋伏,HSK7-9
埋怨,HSK7-9
埋没,HSK7-9
埋藏,HSK7-9
城,HSK3
城乡,HSK6
城区,HSK6
城墙,HSK7-9
城市,HSK3
城里,HSK5
城镇,HSK6
培养,HSK4
培育,HSK4
培训,HSK4
培训班,HSK4
基于,HSK7-9
基准,HSK7-9
基因,HSK7-9
基地,HSK5
基层,HSK7-9
基本,HSK3
基本上,HSK3
基本功,HSK7-9
基督教,HSK6
基础,HSK3
基金,HSK5
堂,HSK7-9
堆,HSK5
堆砌,HSK7-9
堕落,HSK7-9
堡垒,HSK7-9
堤,HSK7-9
堤坝,HSK7-9
堪称,HSK7-9
堵,HSK4
堵塞,HSK7-9
堵车,HSK4
塌,HSK7-9
塑料,HSK4
塑料袋,HSK4
塑造,HSK7-9
塔,HSK6
塞,HSK6
填,HSK4
填充,HSK7-9
填写,HSK7-9
填空,HSK4
填补,HSK7-9
境内,HSK7-9
境地,HSK7-9
境外,HSK7-9
境界,HSK7-9
境遇,HSK7-9
墓,HSK6
墓地,HSK7-9
墓碑,HSK7-9
墙,HSK2
墙壁,HSK5
增,HSK5
增产,HSK5
增值,HSK6
增加,HSK3
增多,HSK5
增大,HSK5
增强,HSK5
增收,HSK7-9
增添,HSK7-9
增进,HSK6
增长,HSK3
墨,HSK7-9
墨水,HSK6
壁画,HSK7-9
士兵,HSK4
士气,HSK7-9
壮,HSK7-9
壮丽,HSK7-9
壮大,HSK7-9
壮实,HSK7-9
壮胆,HSK7-9
壮观,HSK6
声,HSK5
声明,HSK3
声望,HSK7-9
声称,HSK7-9
声誉,HSK7-9
声音,HSK2
壳,HSK7-9
壶,HSK6
处,HSK4
处于,HSK4
处分,HSK5
处在,HSK5
处境,HSK7-9
处处,HSK6
处方,HSK7-9
处理,HSK3
处罚,HSK5
处置,HSK7-9
处长,HSK6
备受,HSK7-9
备用,HSK7-9
备课,HSK7-9
复习,HSK2
复兴,HSK7-9
复制,HSK4
复印,HSK3
复原,HSK7-9
复发,HSK7-9
复合,HSK7-9
复杂,HSK3
复查,HSK7-9
复活,HSK7-9
复苏,HSK6
夏令营,HSK7-9
夏天,HSK2
夏季,HSK4
外,HSK1
外交,HSK3
外交官,HSK4
外企,HSK7-9
外公,HSK7-9
外出,HSK6
外卖,HSK2
外号,HSK7-9
外国,HSK1
外地,HSK2
外头,HSK6
外套,HSK4
外婆,HSK7-9
外币,HSK6
外形,HSK7-9
外援,HSK7-9
外文,HSK3
外星人,HSK7-9
外来,HSK6
外汇,HSK4
外界,HSK5
外科,HSK6
外籍,HSK7-9
外行,HSK7-9
外衣,HSK6
外表,HSK7-9
外观,HSK6
外语,HSK1
外貌,HSK7-9
外贸,HSK7-9
外资,HSK6
外边,HSK1
外部,HSK6
外面,HSK3
多,HSK1
多久,HSK2
多么,HSK2
多亏,HSK7-9
多云,HSK2
多余,HSK7-9
多元,HSK7-9
多功能,HSK7-9
多劳多得,HSK7-9
多半,HSK6
多媒体,HSK6
多少,HSK1
多年,HSK4
多年来,HSK7-9
多心,HSK7-9
多数,HSK2
多方面,HSK6
多样,HSK4
多次,HSK4
多种,HSK4
多边,HSK7-9
夜,HSK2
夜以继日,HSK7-9
夜市,HSK7-9
夜总会,HSK7-9
夜晚,HSK7-9
夜校,HSK7-9
夜班,HSK7-9
夜里,HSK2
夜间,HSK5
够,HSK2
够呛,HSK7-9
大,HSK1
大事,HSK5
大于,HSK5
大人,HSK2
大众,HSK4
大伙儿,HSK5
大会,HSK4
大体,HSK7-9
大体上,HSK7-9
大使,HSK6
大使馆,HSK3
大公无私,HSK7-9
大力,HSK6
大包大揽,HSK7-9
大厅,HSK5
大厦,HSK7-9
大吃一惊,HSK7-9
大同小异,HSK7-9
大名鼎鼎,HSK7-9
大哥,HSK4
大地,HSK7-9
大型,HSK4
大声,HSK2
大多,HSK4
大多数,HSK2
大大,HSK2
大大咧咧,HSK7-9
大夫,HSK3
大奖赛,HSK5
大妈,HSK4
大姐,HSK4
大学,HSK1
大学生,HSK1
大宗,HSK7-9
大家,HSK2
大家庭,HSK7-9
大小,HSK2
大局,HSK7-9
大巴,HSK4
大师,HSK6
大幅度,HSK7-9
大惊小怪,HSK7-9
大意,HSK7-9
大批,HSK6
大数据,HSK7-9
大方,HSK4
大有可为,HSK7-9
大棚,HSK7-9
大楼,HSK4
大概,HSK3
大模大样,HSK7-9
大款,HSK7-9
大气,HSK7-9
大海,HSK2
大熊猫,HSK5
大爷,HSK4
大片,HSK7-9
大笔,HSK7-9
大米,HSK6
大约,HSK3
大纲,HSK5
大肆,HSK7-9
大胆,HSK5
大脑,HSK5
大腕儿,HSK7-9
大臣,HSK7-9
大自然,HSK2
大致,HSK5
大街,HSK6
大街小巷,HSK7-9
大衣,HSK2
大规模,HSK4
大象,HSK5
大赛,HSK6
大选,HSK7-9
大道,HSK6
大部分,HSK2
大都,HSK5
大量,HSK2
大门,HSK2
大队,HSK7-9
大陆,HSK4
大雁,HSK7-9
大面积,HSK7-9
天,HSK1
天上,HSK2
天下,HSK6
天主教,HSK7-9
天使,HSK7-9
天分,HSK7-9
天地,HSK7-9
天堂,HSK6
天平,HSK7-9
天性,HSK7-9
天才,HSK5
天文,HSK5
天桥,HSK7-9
天气,HSK1
天然,HSK6
天然气,HSK5
天生,HSK7-9
天真,HSK4
天空,HSK3
天线,HSK7-9
天经地义,HSK7-9
天赋,HSK7-9
天长地久,HSK7-9
天鹅,HSK7-9
太,HSK1
太太,HSK2
太平,HSK7-9
太极,HSK7-9
太极拳,HSK7-9
太空,HSK5
太阳,HSK2
太阳能,HSK6
夫人,HSK4
夫妇,HSK4
夫妻,HSK4
失业,HSK4
失业率,HSK7-9
失传,HSK7-9
失利,HSK7-9
失去,HSK3
失恋,HSK7-9
失控,HSK7-9
失效,HSK7-9
失明,HSK7-9
失望,HSK4
失灵,HSK7-9
失眠,HSK7-9
失落,HSK7-9
失误,HSK5
失败,HSK4
失踪,HSK7-9
头,HSK2
头发,HSK2
头号,HSK7-9
头头是道,HSK7-9
头晕,HSK7-9
头条,HSK7-9
头疼,HSK6
头脑,HSK3
头衔,HSK7-9
头部,HSK7-9
头顶,HSK7-9
夸,HSK7-9
夸大,HSK7-9
夸夸其谈,HSK7-9
夸奖,HSK7-9
夸张,HSK7-9
夸耀,HSK7-9
夹,HSK5
夺,HSK6
夺冠,HSK7-9
夺取,HSK6
夺魁,HSK7-9
奇妙,HSK6
奇怪,HSK3
奇特,HSK7-9
奇花异草,HSK7-9
奇迹,HSK7-9
奉献,HSK6
奋力,HSK7-9
奋勇,HSK7-9
奋斗,HSK4
奏,HSK6
奏效,HSK7-9
契机,HSK7-9
契约,HSK7-9
奔,HSK7-9
奔波,HSK7-9
奔赴,HSK7-9
奔跑,HSK6
奖,HSK4
奖励,HSK5
奖品,HSK7-9
奖学金,HSK4
奖杯,HSK7-9
奖牌,HSK7-9
奖金,HSK4
奖项,HSK7-9
套,HSK2
套餐,HSK4
奠定,HSK7-9
奢侈,HSK7-9
奢望,HSK7-9
奥秘,HSK7-9
奥运会,HSK7-9
女,HSK1
女人,HSK1
女儿,HSK1
女士,HSK4
女婿,HSK7-9
女子,HSK3
女孩儿,HSK1
女性,HSK5
女朋友,HSK1
女生,HSK1
奴隶,HSK7-9
奶,HSK1
奶奶,HSK1
奶牛,HSK6
奶粉,HSK6
奶茶,HSK3
奸诈,HSK7-9
她,HSK1
她们,HSK1
好,HSK1
好久,HSK2
好事,HSK2
好人,HSK2
好似,HSK6
好像,HSK2
好友,HSK4
好吃,HSK1
好听,HSK1
好在,HSK7-9
好坏,HSK7-9
好处,HSK2
好多,HSK2
好奇,HSK3
好奇心,HSK7-9
好好,HSK3
好学,HSK6
好客,HSK7-9
好家伙,HSK7-9
好容易,HSK6
好心,HSK7-9
好心人,HSK7-9
好意,HSK7-9
好感,HSK7-9
好歹,HSK7-9
好比,HSK7-9
好玩儿,HSK1
好看,HSK1
好笑,HSK7-9
好评,HSK7-9
好说,HSK7-9
好转,HSK6
好运,HSK5
如,HSK6
如一,HSK6
如下,HSK5
如今,HSK4
如何,HSK3
如同,HSK5
如实,HSK7-9
如意,HSK7-9
如愿以偿,HSK7-9
如果,HSK2
如果说,HSK7-9
如此,HSK5
如醉如痴,HSK7-9
妄想,HSK7-9
妇女,HSK6
妈,HSK1
妈妈,HSK1
妒忌,HSK7-9
妖怪,HSK7-9
妙,HSK6
妥,HSK7-9
妥协,HSK7-9
妥善,HSK7-9
妥当,HSK7-9
妨害,HSK7-9
妨碍,HSK7-9
妹,HSK1
妹妹,HSK1
妻子,HSK4
始终,HSK3
姐,HSK1
姐妹,HSK4
姐姐,HSK1
姑姑,HSK6
姑娘,HSK3
姓,HSK2
姓名,HSK2
姓氏,HSK7-9
委员,HSK7-9
委员会,HSK7-9
委婉,HSK7-9
委屈,HSK7-9
委托,HSK5
姜,HSK7-9
姥姥,HSK7-9
姥爷,HSK7-9
姨,HSK7-9
姿势,HSK7-9
姿态,HSK7-9
威信,HSK7-9
威力,HSK7-9
威慑,HSK7-9
威胁,HSK6
威风,HSK7-9
娃娃,HSK6
娇惯,HSK7-9
娇气,HSK7-9
娘,HSK7-9
娱乐,HSK6
娶,HSK7-9
婚姻,HSK7-9
婚礼,HSK4
婚纱,HSK7-9
婴儿,HSK7-9
媒体,HSK3
媲美,HSK7-9
媳妇,HSK7-9
嫁,HSK7-9
嫁妆,HSK7-9
嫂子,HSK7-9
嫉妒,HSK7-9
嫌,HSK6
嫌弃,HSK7-9
嫌疑,HSK7-9
嫦娥,HSK7-9
嫩,HSK7-9
嬉笑,HSK7-9
子,HSK1
子女,HSK3
子孙,HSK7-9
子弟,HSK7-9
子弹,HSK5
孕妇,HSK7-9
孕育,HSK7-9
字,HSK1
字体,HSK7-9
字典,HSK2
字幕,HSK7-9
字母,HSK4
字眼,HSK7-9
字迹,HSK7-9
存,HSK3
存在,HSK3
存心,HSK7-9
存折,HSK7-9
存放,HSK7-9
存款,HSK5
孙女,HSK4
孙子,HSK4
孝敬,HSK7-9
孝顺,HSK7-9
季,HSK4
季度,HSK4
季节,HSK4
孤儿,HSK6
孤单,HSK7-9
孤独,HSK6
孤立,HSK7-9
孤陋寡闻,HSK7-9
孤零零,HSK7-9
学,HSK1
学业,HSK7-9
学习,HSK1
学会,HSK6
学位,HSK5
学分,HSK4
学历,HSK7-9
学员,HSK6
学堂,HSK7-9
学士,HSK7-9
学子,HSK7-9
学年,HSK4
学时,HSK4
学期,HSK2
学术,HSK4
学校,HSK1
学生,HSK1
学科,HSK5
学者,HSK5
学艺,HSK7-9
学说,HSK7-9
学费,HSK3
学问,HSK4
学院,HSK1
孩子,HSK1
孪生,HSK7-9
孵化,HSK7-9
宁可,HSK7-9
宁愿,HSK7-9
宁静,HSK4
它,HSK2
它们,HSK2
宇宙,HSK7-9
宇航员,HSK6
守,HSK4
守候,HSK7-9
守护,HSK7-9
守株待兔,HSK7-9
安,HSK4
安全,HSK2
安宁,HSK7-9
安定,HSK7-9
安心,HSK7-9
安慰,HSK5
安抚,HSK7-9
安排,HSK3
安检,HSK6
安眠药,HSK7-9
安稳,HSK7-9
安置,HSK4
安装,HSK3
安逸,HSK7-9
安静,HSK2
完,HSK2
完了,HSK5
完全,HSK2
完善,HSK3
完备,HSK7-9
完好,HSK7-9
完成,HSK2
完整,HSK3
完毕,HSK7-9
完美,HSK3
完蛋,HSK7-9
宏伟,HSK7-9
宏大,HSK6
宏观,HSK7-9
宗,HSK7-9
宗教,HSK6
宗旨,HSK7-9
官,HSK4
官僚,HSK7-9
官僚主义,HSK7-9
官兵,HSK7-9
官司,HSK6
官吏,HSK7-9
官员,HSK7-9
官方,HSK4
定,HSK4
定为,HSK7-9
定义,HSK7-9
定价,HSK6
定位,HSK6
定做,HSK7-9
定向,HSK7-9
定居,HSK7-9
定心丸,HSK7-9
定时,HSK6
定期,HSK3
定论,HSK7-9
定金,HSK7-9
宝,HSK4
宝宝,HSK4
宝库,HSK7-9
宝石,HSK4
宝藏,HSK7-9
宝贝,HSK4
宝贵,HSK4
实习,HSK2
实事求是,HSK7-9
实体,HSK7-9
实况,HSK7-9
实力,HSK3
实在,HSK2
实地,HSK7-9
实惠,HSK5
实施,HSK4
实物,HSK7-9
实现,HSK2
实用,HSK4
实行,HSK3
实话,HSK7-9
实话实说,HSK7-9
实质,HSK7-9
实践,HSK6
实际,HSK2
实际上,HSK3
实验,HSK3
实验室,HSK3
宠,HSK7-9
宠爱,HSK7-9
宠物,HSK6
审,HSK7-9
审判,HSK7-9
审定,HSK7-9
审批,HSK7-9
审查,HSK6
审核,HSK7-9
审美,HSK7-9
审视,HSK7-9
客人,HSK2
客厅,HSK5
客户,HSK5
客房,HSK7-9
客机,HSK7-9
客气,HSK5
客流,HSK7-9
客观,HSK3
客车,HSK6
客运,HSK7-9
宣传,HSK3
宣告,HSK7-9
宣布,HSK3
宣扬,HSK7-9
宣泄,HSK7-9
宣称,HSK7-9
宣言,HSK7-9
宣誓,HSK7-9
宣读,HSK7-9
室,HSK3
宪法,HSK7-9
宫,HSK6
宫廷,HSK7-9
宫殿,HSK7-9
宰,HSK7-9
害,HSK5
害怕,HSK3
害羞,HSK7-9
害臊,HSK7-9
害虫,HSK7-9
宴会,HSK6
家,HSK1
家乡,HSK3
家人,HSK1
家伙,HSK7-9
家具,HSK3
家务,HSK4
家喻户晓,HSK7-9
家园,HSK6
家境,HSK7-9
家家户户,HSK7-9
家属,HSK3
家庭,HSK2
家政,HSK7-9
家教,HSK7-9
家族,HSK7-9
家用,HSK7-9
家电,HSK6
家禽,HSK7-9
家里,HSK1
家长,HSK2
容光焕发,HSK7-9
容忍,HSK7-9
容易,HSK3
容纳,HSK7-9
容许,HSK7-9
容量,HSK7-9
容颜,HSK7-9
宽,HSK4
宽厚,HSK7-9
宽容,HSK7-9
宽广,HSK4
宽度,HSK5
宽恕,HSK7-9
宽敞,HSK7-9
宽松,HSK7-9
宽泛,HSK7-9
宽阔,HSK6
宾馆,HSK5
宿舍,HSK5
寂寞,HSK7-9
寂静,HSK7-9
寄,HSK4
寄托,HSK7-9
密,HSK4
密不可分,HSK7-9
密切,HSK4
密封,HSK7-9
密度,HSK7-9
密码,HSK4
密集,HSK7-9
富,HSK3
富人,HSK6
富含,HSK7-9
富强,HSK7-9
富有,HSK6
富翁,HSK7-9
富裕,HSK7-9
富豪,HSK7-9
富足,HSK7-9
寒假,HSK4
寒冷,HSK4
寓意,HSK7-9
寓言,HSK7-9
寝室,HSK7-9
察看,HSK7-9
察觉,HSK7-9
寡妇,HSK7-9
寥寥无几,HSK7-9
寸,HSK5
对,HSK1
对不起,HSK1
对于,HSK4
对付,HSK4
对准,HSK7-9
对外,HSK6
对峙,HSK7-9
对应,HSK5
对弈,HSK7-9
对待,HSK3
对得起,HSK7-9
对手,HSK3
对抗,HSK6
对方,HSK3
对比,HSK4
对照,HSK7-9
对白,HSK7-9
对称,HSK7-9
对立,HSK5
对策,HSK7-9
对联,HSK7-9
对话,HSK2
对象,HSK3
对面,HSK2
寺,HSK6
寺庙,HSK7-9
寻,HSK7-9
寻常,HSK7-9
寻找,HSK4
寻求,HSK5
寻觅,HSK7-9
导向,HSK7-9
导师,HSK7-9
导弹,HSK7-9
导游,HSK4
导演,HSK3
导火索,HSK7-9
导致,HSK4
导航,HSK7-9
寿司,HSK5
寿命,HSK7-9
封,HSK2
封建,HSK7-9
封锁,HSK7-9
封闭,HSK4
封面,HSK7-9
封顶,HSK7-9
射,HSK5
射击,HSK5
将,HSK5
将军,HSK6
将来,HSK3
将要,HSK5
将近,HSK3
尊严,HSK7-9
尊敬,HSK5
尊贵,HSK7-9
尊重,HSK5
小,HSK1
小丑,HSK7-9
小于,HSK6
小人,HSK7-9
小伙子,HSK4
小偷儿,HSK5
小区,HSK7-9
小卒,HSK7-9
小吃,HSK4
小品,HSK7-9
小型,HSK4
小声,HSK2
小姐,HSK1
小学,HSK1
小学生,HSK1
小孩儿,HSK1
小康,HSK7-9
小心,HSK2
小心翼翼,HSK7-9
小提琴,HSK7-9
小时,HSK1
小时候,HSK2
小曲,HSK7-9
小朋友,HSK1
小气,HSK7-9
小溪,HSK7-9
小看,HSK7-9
小组,HSK2
小说,HSK2
小贩,HSK7-9
小费,HSK6
小路,HSK7-9
小麦,HSK6
少,HSK1
少不了,HSK7-9
少儿,HSK6
少女,HSK7-9
少年,HSK2
少数,HSK2
少有,HSK7-9
少林寺,HSK7-9
少见,HSK7-9
少量,HSK7-9
尖,HSK6
尖端,HSK7-9
尖锐,HSK7-9
尚,HSK7-9
尚未,HSK7-9
尝,HSK5
尝试,HSK5
尤为,HSK7-9
尤其,HSK5
就,HSK1
就业,HSK3
就任,HSK7-9
就医,HSK7-9
就地,HSK7-9
就座,HSK7-9
就是,HSK3
就是说,HSK6
就算,HSK6
就职,HSK7-9
就要,HSK2
就诊,HSK7-9
就读,HSK7-9
就近,HSK7-9
就餐,HSK7-9
尴尬,HSK7-9
尸体,HSK7-9
尺,HSK4
尺子,HSK4
尺寸,HSK4
尺度,HSK7-9
尼龙,HSK7-9
尽,HSK6
尽力,HSK4
尽可能,HSK5
尽头,HSK7-9
尽快,HSK4
尽情,HSK7-9
尽早,HSK7-9
尽管,HSK5
尽量,HSK3
尾声,HSK7-9
尾巴,HSK4
尾气,HSK7-9
尿,HSK7-9
局,HSK4
局势,HSK7-9
局部,HSK7-9
局长,HSK5
局限,HSK7-9
局面,HSK5
层,HSK2
层出不穷,HSK7-9
层次,HSK5
层面,HSK6
居住,HSK4
居民,HSK4
居民楼,HSK7-9
居然,HSK5
居高临下,HSK7-9
屈服,HSK7-9
届,HSK5
届时,HSK7-9
屋,HSK5
屋子,HSK3
屋顶,HSK7-9
屏幕,HSK6
展出,HSK7-9
展开,HSK3
展望,HSK7-9
展现,HSK5
展示,HSK5
展览,HSK5
展览会,HSK7-9
属,HSK3
属于,HSK3
属性,HSK7-9
屠杀,HSK7-9
屡,HSK7-9
屡次,HSK7-9
履行,HSK7-9
屯,HSK7-9
山,HSK1
山冈,HSK7-9
山区,HSK5
山坡,HSK6
山寨,HSK7-9
山岭,HSK7-9
山峰,HSK6
山川,HSK7-9
山谷,HSK6
山路,HSK7-9
山顶,HSK7-9
屹立,HSK7-9
岁,HSK1
岁数,HSK6
岁月,HSK5
岂有此理,HSK7-9
岗位,HSK6
岛,HSK6
岛屿,HSK7-9
岩石,HSK7-9
岳母,HSK7-9
岳父,HSK7-9
岸,HSK5
岸上,HSK5
峡谷,HSK7-9
峰会,HSK6
峰回路转,HSK7-9
崇尚,HSK7-9
崇拜,HSK6
崇高,HSK7-9
崛起,HSK7-9
崩溃,HSK7-9
崭新,HSK7-9
巅峰,HSK7-9
川流不息,HSK7-9
巡逻,HSK7-9
工业,HSK3
工人,HSK1
工会,HSK7-9
工作,HSK1
工作日,HSK5
工作量,HSK7-9
工具,HSK3
工厂,HSK3
工商,HSK6
工商界,HSK7-9
工地,HSK7-9
工夫,HSK3
工序,HSK7-9
工整,HSK7-9
工科,HSK7-9
工程,HSK4
工程师,HSK3
工艺,HSK5
工资,HSK3
左,HSK1
左右,HSK3
左边,HSK1
左顾右盼,HSK7-9
巧,HSK3
巧克力,HSK4
巧合,HSK7-9
巧妙,HSK6
巨人,HSK7-9
巨型,HSK7-9
巨大,HSK4
巨头,HSK7-9
巨星,HSK7-9
巨额,HSK7-9
巩固,HSK6
巫婆,HSK7-9
差,HSK1
差不多,HSK2
差别,HSK5
差异,HSK6
差点儿,HSK5
差距,HSK5
差错,HSK7-9
差额,HSK7-9
已,HSK3
已经,HSK2
巴不得,HSK7-9
巴士,HSK4
市,HSK2
市区,HSK4
市场,HSK3
市场经济,HSK7-9
市民,HSK6
市长,HSK2
布,HSK3
布局,HSK7-9
布满,HSK6
布置,HSK4
帅,HSK4
帅哥,HSK4
帆,HSK7-9
帆船,HSK7-9
师傅,HSK5
师父,HSK6
师生,HSK6
师范,HSK7-9
师资,HSK7-9
师长,HSK7-9
希望,HSK3
帐子,HSK7-9
帐篷,HSK7-9
帖子,HSK7-9
帘子,HSK7-9
帝国,HSK7-9
帝国主义,HSK7-9
带,HSK2
带动,HSK3
带头,HSK7-9
带头人,HSK7-9
带有,HSK5
带来,HSK2
带路,HSK7-9
带队,HSK7-9
带领,HSK3
席,HSK7-9
席位,HSK7-9
帮,HSK1
帮助,HSK2
帮忙,HSK1
帮手,HSK7-9
常,HSK1
常人,HSK7-9
常常,HSK1
常年,HSK6
常态,HSK7-9
常温,HSK7-9
常理,HSK7-9
常用,HSK2
常见,HSK2
常规,HSK6
常识,HSK4
帽子,HSK4
幅,HSK5
幅度,HSK5
幕,HSK7-9
幕后,HSK7-9
幢,HSK7-9
干,HSK1
干事,HSK7-9
干什么,HSK1
干净,HSK1
干吗,HSK3
干戈,HSK7-9
干扰,HSK5
干旱,HSK7-9
干杯,HSK2
干活儿,HSK2
干涉,HSK6
干燥,HSK7-9
干脆,HSK5
干部,HSK7-9
干预,HSK5
平,HSK2
平价,HSK7-9
平凡,HSK6
平原,HSK5
平台,HSK6
平和,HSK7-9
平均,HSK4
平坦,HSK5
平安,HSK2
平常,HSK2
平常心,HSK7-9
平息,HSK7-9
平方,HSK4
平方米,HSK6
平日,HSK7-9
平时,HSK2
平民,HSK7-9
平淡,HSK7-9
平稳,HSK4
平等,HSK2
平衡,HSK6
平静,HSK4
平面,HSK7-9
年,HSK1
年代,HSK3
年初,HSK3
年前,HSK5
年夜饭,HSK7-9
年底,HSK3
年度,HSK5
年画,HSK7-9
年级,HSK2
年纪,HSK3
年终,HSK7-9
年薪,HSK7-9
年轻,HSK2
年迈,HSK7-9
年限,HSK7-9
年龄,HSK5
并,HSK3
并且,HSK3
并列,HSK7-9
并行,HSK7-9
并购,HSK7-9
并非,HSK7-9
幸亏,HSK7-9
幸免,HSK7-9
幸好,HSK7-9
幸存,HSK7-9
幸福,HSK3
幸运,HSK3
幻影,HSK7-9
幻想,HSK6
幻觉,HSK7-9
幼儿园,HSK4
幼稚,HSK7-9
幽默,HSK5
广,HSK5
广义,HSK7-9
广告,HSK2
广场,HSK2
广大,HSK3
广播,HSK3
广泛,HSK5
广阔,HSK6
庄严,HSK7-9
庄园,HSK7-9
庄稼,HSK7-9
庆典,HSK7-9
庆幸,HSK7-9
庆祝,HSK3
庆贺,HSK7-9
床,HSK1
床位,HSK7-9
序,HSK7-9
序幕,HSK7-9
库,HSK5
应,HSK4
应付,HSK7-9
应对,HSK6
应当,HSK3
应急,HSK6
应有尽有,HSK7-9
应用,HSK3
应聘,HSK7-9
应该,HSK2
应邀,HSK7-9
应酬,HSK7-9
底,HSK4
底下,HSK3
底子,HSK7-9
底层,HSK7-9
底线,HSK7-9
底蕴,HSK7-9
店,HSK2
庙,HSK7-9
庙会,HSK7-9
庞大,HSK7-9
废,HSK7-9
废品,HSK7-9
废墟,HSK7-9
废寝忘食,HSK7-9
废物,HSK7-9
废话,HSK7-9
废除,HSK7-9
度,HSK2
度假,HSK7-9
度过,HSK4
座,HSK2
座位,HSK2
座右铭,HSK7-9
座谈,HSK7-9
座谈会,HSK6
康复,HSK6
庸俗,HSK7-9
廉价,HSK7-9
廉政,HSK7-9
廉正,HSK7-9
廉洁,HSK7-9
延,HSK7-9
延伸,HSK5
延期,HSK4
延续,HSK4
延缓,HSK7-9
延误,HSK7-9
延长,HSK4
建,HSK3
建交,HSK7-9
建成,HSK3
建树,HSK7-9
建立,HSK3
建筑,HSK5
建筑师,HSK7-9
建筑物,HSK7-9
建议,HSK3
建设,HSK3
建造,HSK5
开,HSK1
开业,HSK3
开会,HSK1
开关,HSK6
开创,HSK6
开办,HSK7-9
开动,HSK7-9
开发,HSK3
开发区,HSK7-9
开发商,HSK7-9
开口,HSK7-9
开启,HSK7-9
开场,HSK7-9
开场白,HSK7-9
开垦,HSK7-9
开夜车,HSK6
开天辟地,HSK7-9
开头,HSK6
开始,HSK3
开学,HSK2
开展,HSK3
开工,HSK7-9
开幕,HSK5
开幕式,HSK5
开张,HSK7-9
开心,HSK2
开拓,HSK7-9
开支,HSK7-9
开放,HSK3
开朗,HSK7-9
开机,HSK2
开枪,HSK7-9
开水,HSK4
开玩笑,HSK1
开花,HSK4
开设,HSK6
开车,HSK1
开辟,HSK7-9
开通,HSK6
开采,HSK7-9
开销,HSK7-9
开阔,HSK7-9
开除,HSK7-9
异口同声,HSK7-9
异常,HSK6
异性,HSK7-9
异想天开,HSK7-9
异议,HSK7-9
弄,HSK2
弄虚作假,HSK7-9
弊病,HSK7-9
弊端,HSK7-9
式,HSK5
弓,HSK7-9
引,HSK4
引人入胜,HSK7-9
引人注目,HSK7-9
引入,HSK7-9
引发,HSK7-9
引导,HSK4
引擎,HSK7-9
引用,HSK7-9
引经据典,HSK7-9
引诱,HSK7-9
引起,HSK4
引进,HSK4
引领,HSK7-9
弘扬,HSK7-9
弟,HSK1
弟子,HSK7-9
弟弟,HSK1
张,HSK3
张扬,HSK7-9
张灯结彩,HSK7-9
张贴,HSK7-9
弥漫,HSK7-9
弥补,HSK7-9
弦,HSK7-9
弯,HSK4
弯曲,HSK6
弱,HSK4
弱势,HSK7-9
弱点,HSK7-9
弹,HSK5
弹性,HSK7-9
强,HSK3
强制,HSK7-9
强加,HSK7-9
强劲,HSK7-9
强势,HSK6
强化,HSK6
强占,HSK7-9
强壮,HSK6
强大,HSK3
强度,HSK5
强烈,HSK3
强盗,HSK6
强硬,HSK7-9
强行,HSK7-9
强调,HSK3
强迫,HSK5
强项,HSK7-9
归,HSK4
归宿,HSK7-9
归属,HSK7-9
归来,HSK7-9
归根到底,HSK7-9
归纳,HSK7-9
归结,HSK7-9
归还,HSK7-9
当,HSK2
当下,HSK7-9
当中,HSK3
当之无愧,HSK7-9
当事人,HSK7-9
当今,HSK7-9
当代,HSK5
当众,HSK7-9
当作,HSK6
当初,HSK3
当前,HSK5
当务之急,HSK7-9
当即,HSK7-9
当地,HSK3
当场,HSK5
当天,HSK6
当年,HSK5
当心,HSK7-9
当成,HSK6
当日,HSK7-9
当时,HSK2
当晚,HSK7-9
当然,HSK3
当真,HSK7-9
当着,HSK7-9
当选,HSK5
当面,HSK7-9
录,HSK3
录像,HSK6
录制,HSK7-9
录取,HSK4
录音,HSK3
录音机,HSK6
形,HSK6
形势,HSK4
形容,HSK4
形式,HSK3
形形色色,HSK7-9
形影不离,HSK7-9
形态,HSK5
形成,HSK3
形状,HSK3
形象,HSK3
彩电,HSK7-9
彩票,HSK5
彩色,HSK3
彩虹,HSK7-9
彩霞,HSK7-9
彬彬有礼,HSK7-9
影像,HSK7-9
影响,HSK2
影子,HSK4
影星,HSK6
影片,HSK2
影视,HSK3
影迷,HSK6
彻夜,HSK7-9
彻底,HSK4
彼此,HSK5
往,HSK2
往事,HSK7-9
往后,HSK6
往常,HSK7-9
往年,HSK6
往往,HSK3
往日,HSK7-9
往来,HSK6
往返,HSK7-9
征,HSK7-9
征收,HSK7-9
征服,HSK4
征求,HSK4
征集,HSK7-9
待,HSK5
待会儿,HSK6
待遇,HSK4
很,HSK1
很难说,HSK6
律师,HSK4
徐徐,HSK7-9
徒弟,HSK6
徒步,HSK7-9
得,HSK2
得不偿失,HSK7-9
得了,HSK5
得以,HSK5
得体,HSK7-9
得出,HSK2
得分,HSK3
得到,HSK1
得力,HSK7-9
得天独厚,HSK7-9
得失,HSK7-9
得当,HSK7-9
得意,HSK4
得意扬扬,HSK7-9
得手,HSK7-9
得益于,HSK7-9
得知,HSK7-9
得罪,HSK7-9
徘徊,HSK7-9
循序渐进,HSK7-9
循环,HSK6
微不足道,HSK7-9
微信,HSK4
微博,HSK5
微型,HSK7-9
微妙,HSK7-9
微弱,HSK7-9
微波炉,HSK6
微笑,HSK4
微观,HSK7-9
德,HSK7-9
心,HSK3
心中,HSK2
心事,HSK7-9
心声,HSK7-9
心安理得,HSK7-9
心得,HSK7-9
心态,HSK5
心思,HSK7-9
心急如焚,HSK7-9
心情,HSK2
心想事成,HSK7-9
心意,HSK7-9
心愿,HSK6
心慌,HSK7-9
心灵,HSK6
心灵手巧,HSK7-9
心爱,HSK7-9
心理,HSK4
心疼,HSK5
心病,HSK7-9
心目,HSK7-9
心眼儿,HSK7-9
心肠,HSK7-9
心胸,HSK7-9
心脏,HSK6
心脏病,HSK6
心血,HSK7-9
心酸,HSK7-9
心里,HSK2
心里话,HSK7-9
必,HSK5
必不可少,HSK7-9
必修,HSK6
必定,HSK7-9
必将,HSK6
必然,HSK3
必要,HSK3
必需,HSK5
必须,HSK2
忌,HSK7-9
忌口,HSK7-9
忌讳,HSK7-9
忍,HSK5
忍不住,HSK5
忍受,HSK5
忍心,HSK7-9
忍耐,HSK7-9
忍饥挨饿,HSK7-9
志愿,HSK3
志愿者,HSK3
志气,HSK7-9
忘,HSK1
忘不了,HSK7-9
忘掉,HSK7-9
忘记,HSK1
忙,HSK1
忙乱,HSK7-9
忙活,HSK7-9
忙碌,HSK7-9
忠于,HSK7-9
忠实,HSK7-9
忠心,HSK6
忠诚,HSK7-9
忠贞,HSK7-9
忧愁,HSK7-9
忧虑,HSK7-9
忧郁,HSK7-9
快,HSK1
快乐,HSK2
快捷,HSK7-9
快活,HSK5
快点儿,HSK2
快要,HSK2
快车,HSK6
快递,HSK4
快速,HSK3
快餐,HSK2
念,HSK3
念书,HSK7-9
念头,HSK7-9
念念不忘,HSK7-9
忽悠,HSK7-9
忽然,HSK2
忽略,HSK6
忽视,HSK4
忽高忽低,HSK7-9
怀孕,HSK7-9
怀念,HSK4
怀抱,HSK7-9
怀旧,HSK7-9
怀疑,HSK4
怀着,HSK7-9
怀里,HSK7-9
态度,HSK2
怎么,HSK1
怎么办,HSK2
怎么样,HSK2
怎样,HSK2
怕,HSK2
怜惜,HSK7-9
思前想后,HSK7-9
思念,HSK7-9
思想,HSK3
思索,HSK7-9
思维,HSK5
思考,HSK4
思路,HSK7-9
怠工,HSK7-9
怠慢,HSK7-9
怡然自得,HSK7-9
急,HSK2
急于,HSK7-9
急剧,HSK7-9
急忙,HSK4
急性,HSK7-9
急救,HSK6
急诊,HSK7-9
急转弯,HSK7-9
急迫,HSK7-9
急需,HSK7-9
性,HSK3
性价比,HSK7-9
性别,HSK3
性命,HSK7-9
性情,HSK7-9
性格,HSK3
性能,HSK5
性质,HSK4
怨,HSK5
怨恨,HSK7-9
怨气,HSK7-9
怨言,HSK7-9
怪,HSK4
怪不得,HSK7-9
怪异,HSK7-9
怪物,HSK7-9
总,HSK3
总之,HSK4
总体,HSK5
总共,HSK4
总数,HSK5
总是,HSK3
总理,HSK4
总的来说,HSK7-9
总监,HSK6
总算,HSK5
总经理,HSK6
总结,HSK3
总统,HSK4
总而言之,HSK7-9
总裁,HSK5
总计,HSK7-9
总部,HSK6
总量,HSK6
总额,HSK7-9
恋恋不舍,HSK7-9
恋爱,HSK5
恍然大悟,HSK7-9
恐吓,HSK7-9
恐怕,HSK3
恐怖,HSK7-9
恐惧,HSK7-9
恐慌,HSK7-9
恐龙,HSK7-9
恢复,HSK5
恨,HSK5
恨不得,HSK7-9
恩人,HSK6
恩怨,HSK7-9
恩情,HSK7-9
恩惠,HSK7-9
恩赐,HSK7-9
恭喜,HSK7-9
恭维,HSK7-9
息息相关,HSK7-9
恰到好处,HSK7-9
恰好,HSK6
恰如其分,HSK7-9
恰巧,HSK7-9
恰当,HSK6
恰恰,HSK6
恰恰相反,HSK7-9
恳求,HSK7-9
恶,HSK7-9
恶劣,HSK7-9
恶化,HSK7-9
恶心,HSK4
恶性,HSK7-9
恶意,HSK7-9
恼羞成怒,HSK7-9
悄悄,HSK5
悔恨,HSK7-9
悠久,HSK7-9
悠闲,HSK7-9
患,HSK7-9
患有,HSK7-9
患病,HSK7-9
患者,HSK6
悦耳,HSK7-9
您,HSK1
悬,HSK6
悬崖,HSK7-9
悬念,HSK7-9
悬挂,HSK7-9
悬殊,HSK7-9
悲伤,HSK5
悲剧,HSK5
悲哀,HSK7-9
悲惨,HSK6
悲欢离合,HSK7-9
悲痛,HSK7-9
悲观,HSK7-9
悼念,HSK7-9
情,HSK7-9
情不自禁,HSK7-9
情人,HSK7-9
情侣,HSK7-9
情况,HSK3
情形,HSK5
情怀,HSK7-9
情感,HSK3
情愿,HSK7-9
情报,HSK7-9
情景,HSK4
情结,HSK7-9
情绪,HSK6
情节,HSK5
情调,HSK7-9
情谊,HSK7-9
惊,HSK7-9
惊人,HSK6
惊叹,HSK7-9
惊喜,HSK6
惊天动地,HSK7-9
惊奇,HSK7-9
惊心动魄,HSK7-9
惊慌,HSK7-9
惊慌失措,HSK7-9
惊讶,HSK7-9
惊诧,HSK7-9
惊醒,HSK7-9
惊险,HSK7-9
惋惜,HSK7-9
惦记,HSK7-9
惨,HSK6
惨痛,HSK7-9
惨白,HSK7-9
惨重,HSK7-9
惩处,HSK7-9
惩罚,HSK7-9
惭愧,HSK7-9
惯,HSK7-9
惯例,HSK7-9
惯性,HSK7-9
想,HSK1
想不到,HSK6
想到,HSK2
想念,HSK4
想方设法,HSK7-9
想法,HSK2
想象,HSK4
想起,HSK2
惹,HSK7-9
愁,HSK5
愁眉苦脸,HSK7-9
愈合,HSK7-9
愈来愈,HSK7-9
愈演愈烈,HSK7-9
愉快,HSK6
意义,HSK3
意向,HSK7-9
意味着,HSK5
意图,HSK7-9
意外,HSK3
意志,HSK5
意思,HSK2
意想不到,HSK6
意愿,HSK6
意料,HSK7-9
意料之外,HSK7-9
意见,HSK2
意识,HSK5
愚公移山,HSK7-9
愚蠢,HSK7-9
感,HSK7-9
感人,HSK6
感兴趣,HSK4
感冒,HSK3
感到,HSK2
感动,HSK2
感受,HSK3
感叹,HSK7-9
感性,HSK7-9
感恩,HSK7-9
感情,HSK3
感想,HSK5
感慨,HSK7-9
感染,HSK7-9
感染力,HSK7-9
感激,HSK7-9
感觉,HSK2
感触,HSK7-9
感谢,HSK2
愣,HSK7-9
愤怒,HSK6
愿,HSK5
愿意,HSK2
愿望,HSK3
慈善,HSK7-9
慈祥,HSK7-9
慌,HSK5
慌乱,HSK7-9
慌张,HSK7-9
慌忙,HSK5
慎重,HSK7-9
慢,HSK1
慢性,HSK7-9
慢慢,HSK3
慢慢来,HSK7-9
慢车,HSK6
慰劳,HSK7-9
慰问,HSK5
慷慨,HSK7-9
憋,HSK7-9
懂,HSK2
懂事,HSK7-9
懂得,HSK2
懒,HSK6
懒得,HSK7-9
懒惰,HSK7-9
戈壁,HSK7-9
戏,HSK5
戏剧,HSK5
戏曲,HSK6
成,HSK2
成为,HSK2
成交,HSK5
成人,HSK4
成分,HSK6
成功,HSK3
成千上万,HSK7-9
成员,HSK3
成品,HSK6
成型,HSK7-9
成天,HSK7-9
成家,HSK7-9
成就,HSK3
成年,HSK7-9
成才,HSK7-9
成效,HSK5
成本,HSK5
成果,HSK3
成熟,HSK3
成立,HSK3
成绩,HSK2
成群结队,HSK7-9
成语,HSK5
成长,HSK3
成问题,HSK7-9
我,HSK1
我们,HSK1
戒,HSK5
戒备,HSK7-9
戒指,HSK7-9
戒烟,HSK7-9
或,HSK2
或多或少,HSK7-9
或是,HSK5
或者,HSK2
或许,HSK4
战争,HSK4
战友,HSK6
战场,HSK6
战士,HSK4
战斗,HSK4
战术,HSK6
战略,HSK6
战胜,HSK4
截,HSK7-9
截止,HSK6
截然不同,HSK7-9
截至,HSK6
戳,HSK7-9
戴,HSK4
户,HSK4
户外,HSK6
房东,HSK3
房价,HSK6
房地产,HSK7-9
房子,HSK1
房屋,HSK3
房租,HSK3
房间,HSK1
所,HSK3
所以,HSK2
所作所为,HSK7-9
所在,HSK5
所属,HSK7-9
所有,HSK2
所谓,HSK7-9
所长,HSK3
扁,HSK6
扇,HSK5
扇子,HSK5
手,HSK1
手册,HSK7-9
手动,HSK7-9
手势,HSK7-9
手头,HSK7-9
手套,HSK4
手工,HSK4
手帕,HSK7-9
手指,HSK3
手掌,HSK7-9
手术,HSK4
手术室,HSK7-9
手机,HSK1
手枪,HSK7-9
手段,HSK5
手法,HSK5
手续,HSK3
手续费,HSK6
手脚,HSK7-9
手腕,HSK7-9
手臂,HSK7-9
手艺,HSK7-9
手表,HSK2
手里,HSK4
才,HSK2
才华,HSK7-9
才能,HSK3
扎,HSK6
扎实,HSK6
扎根,HSK7-9
扑,HSK6
扑克,HSK7-9
扑面而来,HSK7-9
扒,HSK7-9
打,HSK1
打交道,HSK7-9
打仗,HSK7-9
打倒,HSK7-9
打击,HSK5
打动,HSK6
打包,HSK5
打印,HSK2
打印机,HSK6
打发,HSK6
打听,HSK3
打官司,HSK6
打岔,HSK7-9
打工,HSK2
打开,HSK1
打扫,HSK4
打扮,HSK5
打扰,HSK5
打折,HSK4
打招呼,HSK7-9
打捞,HSK7-9
打搅,HSK7-9
打断,HSK6
打架,HSK5
打牌,HSK6
打猎,HSK7-9
打球,HSK1
打电话,HSK1
打盹儿,HSK7-9
打破,HSK3
打磨,HSK7-9
打算,HSK2
打败,HSK4
打车,HSK1
打通,HSK7-9
打造,HSK6
打量,HSK7-9
打针,HSK4
打雷,HSK4
扔,HSK5
托,HSK6
托付,HSK7-9
扛,HSK7-9
扣,HSK6
扣人心弦,HSK7-9
扣押,HSK7-9
扣留,HSK7-9
扣除,HSK7-9
执意,HSK7-9
执法,HSK7-9
执照,HSK7-9
执着,HSK7-9
执行,HSK5
扩,HSK7-9
扩大,HSK4
扩展,HSK4
扩建,HSK7-9
扩张,HSK7-9
扩散,HSK7-9
扫,HSK4
扫兴,HSK7-9
扫墓,HSK7-9
扫描,HSK7-9
扫除,HSK7-9
扬,HSK7-9
扭,HSK6
扭头,HSK7-9
扭曲,HSK7-9
扭转,HSK7-9
扮,HSK7-9
扮演,HSK5
扯,HSK7-9
扰乱,HSK7-9
扳,HSK7-9
扶,HSK5
扶持,HSK7-9
批,HSK4
批准,HSK3
批判,HSK7-9
批发,HSK7-9
批评,HSK3
找,HSK1
找出,HSK2
找到,HSK1
承办,HSK5
承包,HSK7-9
承受,HSK4
承担,HSK4
承认,HSK4
承诺,HSK6
承载,HSK7-9
技巧,HSK4
技术,HSK3
技能,HSK5
技艺,HSK7-9
抄,HSK4
抄写,HSK4
抄袭,HSK7-9
把,HSK3
把关,HSK7-9
把手,HSK7-9
把握,HSK3
把柄,HSK7-9
抑制,HSK7-9
抑扬顿挫,HSK7-9
抑郁,HSK7-9
抑郁症,HSK7-9
抒情,HSK7-9
抓,HSK3
抓住,HSK3
抓紧,HSK4
投,HSK4
投入,HSK4
投奔,HSK7-9
投射,HSK7-9
投机,HSK7-9
投票,HSK6
投稿,HSK7-9
投诉,HSK4
投资,HSK4
投身,HSK7-9
投降,HSK7-9
抖,HSK7-9
抗争,HSK7-9
抗拒,HSK7-9
抗生素,HSK7-9
抗衡,HSK7-9
抗议,HSK6
折,HSK4
折叠,HSK7-9
折合,HSK7-9
折射,HSK7-9
折扣,HSK7-9
折磨,HSK7-9
折腾,HSK7-9
抚养,HSK7-9
抚养费,HSK7-9
抚恤,HSK7-9
抚摸,HSK7-9
抛,HSK7-9
抛开,HSK7-9
抛弃,HSK7-9
抠,HSK7-9
抡,HSK7-9
抢,HSK5
抢劫,HSK7-9
抢夺,HSK7-9
抢救,HSK5
抢眼,HSK7-9
护,HSK6
护士,HSK4
护照,HSK2
护理,HSK7-9
报,HSK3
报亭,HSK7-9
报仇,HSK7-9
报刊,HSK6
报到,HSK3
报名,HSK2
报告,HSK3
报复,HSK7-9
报废,HSK7-9
报社,HSK7-9
报答,HSK5
报纸,HSK2
报考,HSK6
报警,HSK5
报道,HSK3
报酬,HSK7-9
报销,HSK7-9
抨击,HSK7-9
披,HSK5
披露,HSK7-9
抬,HSK5
抬头,HSK5
抱,HSK4
抱怨,HSK5
抱歉,HSK6
抱负,HSK7-9
抵制,HSK7-9
抵御,HSK7-9
抵抗,HSK6
抵押,HSK7-9
抵挡,HSK7-9
抵消,HSK7-9
抵触,HSK7-9
抵达,HSK6
抹,HSK7-9
押,HSK7-9
押金,HSK5
抽,HSK4
抽奖,HSK4
抽屉,HSK7-9
抽烟,HSK4
抽签,HSK7-9
抽象,HSK7-9
拄,HSK7-9
担,HSK7-9
担任,HSK4
担保,HSK4
担子,HSK7-9
担当,HSK7-9
担心,HSK4
担忧,HSK6
担负,HSK7-9
拆,HSK5
拆迁,HSK6
拆除,HSK5
拉,HSK2
拉动,HSK7-9
拉开,HSK4
拉拢,HSK7-9
拉锁,HSK7-9
拌,HSK7-9
拍,HSK3
拍卖,HSK7-9
拍戏,HSK7-9
拍摄,HSK5
拍板,HSK7-9
拍照,HSK4
拎,HSK7-9
拐,HSK6
拐弯,HSK7-9
拐杖,HSK7-9
拒绝,HSK5
拓宽,HSK7-9
拓展,HSK7-9
拔,HSK5
拖,HSK6
拖延,HSK7-9
拖欠,HSK7-9
拖累,HSK7-9
拖鞋,HSK6
拘束,HSK7-9
拘留,HSK7-9
拙劣,HSK7-9
招,HSK6
招募,HSK7-9
招呼,HSK4
招待,HSK7-9
招待会,HSK7-9
招手,HSK5
招揽,HSK7-9
招收,HSK7-9
招数,HSK7-9
招标,HSK7-9
招牌,HSK7-9
招生,HSK5
招聘,HSK6
拜会,HSK7-9
拜年,HSK7-9
拜托,HSK7-9
拜见,HSK7-9
拜访,HSK5
拟,HSK7-9
拟定,HSK7-9
拣,HSK7-9
拥护,HSK7-9
拥抱,HSK5
拥挤,HSK7-9
拥有,HSK5
拦,HSK7-9
拧,HSK7-9
拨,HSK7-9
拨打,HSK6
拨款,HSK7-9
拨通,HSK7-9
括号,HSK4
括弧,HSK7-9
拯救,HSK7-9
拱,HSK7-9
拳,HSK7-9
拳头,HSK7-9
拴,HSK7-9
拼,HSK5
拼命,HSK7-9
拼搏,HSK7-9
拽,HSK7-9
拾,HSK5
拿,HSK1
拿出,HSK2
拿到,HSK2
拿手,HSK7-9
拿走,HSK6
持,HSK7-9
持久,HSK7-9
持之以恒,HSK7-9
持有,HSK6
持续,HSK3
挂,HSK3
挂号,HSK7-9
挂失,HSK7-9
挂念,HSK7-9
挂钩,HSK7-9
指,HSK3
指令,HSK7-9
指出,HSK3
指南,HSK7-9
指南针,HSK7-9
指向,HSK7-9
指头,HSK6
指定,HSK6
指导,HSK3
指引,HSK7-9
指手画脚,HSK7-9
指挥,HSK4
指教,HSK7-9
指数,HSK6
指望,HSK7-9
指标,HSK5
指点,HSK7-9
指甲,HSK5
指着,HSK6
指示,HSK5
指责,HSK5
按,HSK3
按摩,HSK5
按时,HSK4
按照,HSK3
按理说,HSK7-9
按说,HSK7-9
按键,HSK7-9
挎,HSK7-9
挑,HSK4
挑剔,HSK7-9
挑战,HSK4
挑衅,HSK7-9
挑起,HSK7-9
挑选,HSK4
挖,HSK6
挖掘,HSK7-9
挖苦,HSK7-9
挟持,HSK7-9
挠,HSK7-9
挡,HSK5
挣,HSK5
挣扎,HSK7-9
挣钱,HSK5
挤,HSK5
挤压,HSK7-9
挥,HSK7-9
挨,HSK6
挨家挨户,HSK7-9
挨打,HSK6
挨着,HSK6
挪,HSK7-9
挫折,HSK7-9
振作,HSK7-9
振兴,HSK7-9
振动,HSK5
振奋,HSK7-9
挺,HSK2
挺好,HSK2
挽,HSK7-9
挽回,HSK7-9
挽救,HSK7-9
捂,HSK7-9
捅,HSK7-9
捆,HSK7-9
捉,HSK6
捉迷藏,HSK7-9
捍卫,HSK7-9
捎,HSK7-9
捏,HSK7-9
捐,HSK6
捐助,HSK6
捐款,HSK6
捐献,HSK7-9
捐赠,HSK6
捕,HSK6
捕捉,HSK7-9
捞,HSK7-9
损,HSK7-9
损人利己,HSK7-9
损伤,HSK7-9
损坏,HSK7-9
损失,HSK5
损害,HSK5
捡,HSK6
换,HSK2
换位,HSK7-9
换取,HSK7-9
换成,HSK7-9
换言之,HSK7-9
捣乱,HSK7-9
捧,HSK7-9
捧场,HSK7-9
据,HSK6
据悉,HSK7-9
据此,HSK7-9
据说,HSK3
捶,HSK7-9
掀,HSK7-9
掀起,HSK7-9
授予,HSK7-9
授权,HSK7-9
掉,HSK2
掉头,HSK7-9
掉队,HSK7-9
掌声,HSK6
掌握,HSK5
掌管,HSK7-9
掏,HSK6
掏钱,HSK7-9
掐,HSK7-9
排,HSK2
排列,HSK4
排名,HSK3
排放,HSK7-9
排斥,HSK7-9
排球,HSK2
排练,HSK7-9
排行榜,HSK6
排队,HSK2
排除,HSK5
掠夺,HSK7-9
探,HSK7-9
探亲,HSK7-9
探望,HSK7-9
探求,HSK7-9
探测,HSK7-9
探索,HSK6
探讨,HSK6
探险,HSK7-9
接,HSK2
接下来,HSK2
接二连三,HSK7-9
接到,HSK2
接力,HSK7-9
接受,HSK2
接听,HSK7-9
接待,HSK3
接手,HSK7-9
接收,HSK6
接替,HSK7-9
接济,HSK7-9
接班,HSK7-9
接班人,HSK7-9
接着,HSK2
接纳,HSK7-9
接见,HSK7-9
接触,HSK5
接轨,HSK7-9
接近,HSK3
接连,HSK5
接送,HSK7-9
接通,HSK7-9
控制,HSK5
控告,HSK7-9
推,HSK2
推出,HSK6
推动,HSK3
推卸,HSK7-9
推广,HSK3
推开,HSK3
推敲,HSK7-9
推断,HSK7-9
推测,HSK7-9
推理,HSK7-9
推移,HSK7-9
推算,HSK7-9
推翻,HSK7-9
推荐,HSK7-9
推行,HSK5
推辞,HSK7-9
推进,HSK3
推迟,HSK4
推选,HSK7-9
推销,HSK4
掩护,HSK7-9
掩盖,HSK7-9
掩饰,HSK7-9
措手不及,HSK7-9
措施,HSK4
掰,HSK7-9
掺,HSK7-9
揉,HSK7-9
揍,HSK7-9
描写,HSK4
描绘,HSK7-9
描述,HSK4
提,HSK2
提交,HSK6
提供,HSK4
提倡,HSK5
提出,HSK2
提到,HSK2
提前,HSK3
提升,HSK6
提名,HSK7-9
提心吊胆,HSK7-9
提拔,HSK7-9
提早,HSK7-9
提炼,HSK7-9
提示,HSK5
提议,HSK7-9
提起,HSK5
提速,HSK7-9
提醒,HSK4
提问,HSK3
提防,HSK7-9
提高,HSK2
插,HSK5
插嘴,HSK7-9
插图,HSK7-9
插手,HSK7-9
握,HSK5
握手,HSK3
揣,HSK7-9
揣摩,HSK7-9
揣测,HSK7-9
揪,HSK7-9
揭,HSK6
揭发,HSK7-9
揭晓,HSK7-9
揭示,HSK7-9
揭露,HSK7-9
援助,HSK6
揽,HSK7-9
搀,HSK7-9
搁,HSK7-9
搁浅,HSK7-9
搁置,HSK7-9
搂,HSK7-9
搅,HSK7-9
搅拌,HSK7-9
搏斗,HSK7-9
搓,HSK7-9
搜,HSK5
搜寻,HSK7-9
搜救,HSK7-9
搜查,HSK7-9
搜索,HSK5
搜集,HSK7-9
搞,HSK5
搞好,HSK5
搞笑,HSK7-9
搞鬼,HSK7-9
搬,HSK3
搬家,HSK3
搬迁,HSK7-9
搭,HSK6
搭乘,HSK7-9
搭建,HSK7-9
搭档,HSK6
搭配,HSK6
携带,HSK7-9
携手,HSK7-9
摄像,HSK5
摄像机,HSK5
摄影,HSK5
摄影师,HSK5
摄氏度,HSK7-9
摆,HSK4
摆动,HSK4
摆平,HSK7-9
摆放,HSK7-9
摆脱,HSK4
摆设,HSK7-9
摇,HSK4
摇头,HSK5
摇摆,HSK7-9
摇摇欲坠,HSK7-9
摇晃,HSK7-9
摇滚,HSK7-9
摇篮,HSK7-9
摊,HSK7-9
摔,HSK5
摔倒,HSK5
摔跤,HSK7-9
摘,HSK5
摧毁,HSK7-9
摩托,HSK5
摩擦,HSK5
摸,HSK4
摸索,HSK7-9
撇,HSK7-9
撑,HSK6
撒,HSK7-9
撒谎,HSK7-9
撕,HSK7-9
撞,HSK5
撞击,HSK7-9
撤,HSK7-9
撤换,HSK7-9
撤离,HSK6
撤销,HSK6
撬,HSK7-9
播,HSK6
播出,HSK3
播放,HSK3
撰写,HSK7-9
擅自,HSK7-9
擅长,HSK7-9
操作,HSK4
操劳,HSK7-9
操场,HSK4
操心,HSK7-9
操控,HSK7-9
操纵,HSK6
擦,HSK4
攀,HSK7-9
攀升,HSK7-9
攒,HSK7-9
支,HSK3
支付,HSK3
支出,HSK5
支持,HSK3
支援,HSK6
支撑,HSK6
支柱,HSK7-9
支票,HSK7-9
支配,HSK5
收,HSK2
收买,HSK7-9
收入,HSK2
收养,HSK6
收到,HSK2
收取,HSK6
收听,HSK3
收回,HSK4
收复,HSK7-9
收拾,HSK5
收据,HSK7-9
收支,HSK7-9
收敛,HSK7-9
收留,HSK7-9
收益,HSK4
收看,HSK3
收缩,HSK7-9
收获,HSK4
收藏,HSK6
收视率,HSK7-9
收购,HSK5
收费,HSK3
收集,HSK5
收音机,HSK3
改,HSK2
改为,HSK7-9
改动,HSK7-9
改变,HSK2
改名,HSK7-9
改善,HSK4
改日,HSK7-9
改正,HSK4
改版,HSK7-9
改编,HSK7-9
改良,HSK7-9
改装,HSK6
改进,HSK3
改造,HSK3
改邪归正,HSK7-9
改革,HSK5
改革开放,HSK7-9
攻,HSK7-9
攻关,HSK7-9
攻击,HSK6
攻读,HSK7-9
放,HSK1
放下,HSK2
放假,HSK1
放到,HSK3
放大,HSK5
放学,HSK1
放弃,HSK5
放心,HSK2
放映,HSK7-9
放松,HSK4
放水,HSK7-9
放纵,HSK7-9
放置,HSK7-9
放肆,HSK7-9
放过,HSK7-9
政党,HSK6
政府,HSK4
政权,HSK6
政治,HSK4
政策,HSK6
故,HSK7-9
故乡,HSK3
故事,HSK2
故意,HSK2
故障,HSK6
效仿,HSK7-9
效力,HSK7-9
效应,HSK7-9
效果,HSK3
效率,HSK4
效益,HSK7-9
敌人,HSK4
敏感,HSK5
敏捷,HSK7-9
敏锐,HSK7-9
救,HSK3
救助,HSK6
救命,HSK6
救护车,HSK7-9
救援,HSK6
救治,HSK7-9
救济,HSK7-9
救灾,HSK5
教,HSK1
教养,HSK7-9
教堂,HSK6
教学,HSK2
教学楼,HSK1
教室,HSK2
教师,HSK2
教授,HSK4
教材,HSK3
教条,HSK7-9
教科书,HSK7-9
教练,HSK3
教育,HSK2
教育部,HSK6
教训,HSK4
敞开,HSK7-9
敢,HSK3
敢于,HSK6
敢情,HSK7-9
散,HSK4
散发,HSK7-9
散布,HSK7-9
散文,HSK5
散步,HSK3
敦促,HSK7-9
敦厚,HSK7-9
敬,HSK7-9
敬业,HSK7-9
敬佩,HSK7-9
敬意,HSK7-9
敬爱,HSK7-9
敬礼,HSK7-9
敬而远之,HSK7-9
敬请,HSK7-9
敬酒,HSK7-9
敬重,HSK7-9
数,HSK2
数字,HSK2
数据,HSK4
数据库,HSK7-9
数目,HSK5
数码,HSK4
数量,HSK3
数额,HSK7-9
敲,HSK5
敲诈,HSK7-9
敲边鼓,HSK7-9
敲门,HSK5
整,HSK3
整个,HSK3
整体,HSK3
整合,HSK7-9
整天,HSK3
整数,HSK7-9
整整,HSK3
整治,HSK6
整洁,HSK7-9
整理,HSK3
整顿,HSK6
整齐,HSK3
敷,HSK7-9
文,HSK7-9
文人,HSK7-9
文件,HSK3
文具,HSK7-9
文凭,HSK7-9
文化,HSK3
文娱,HSK6
文字,HSK3
文学,HSK3
文明,HSK3
文物,HSK7-9
文献,HSK7-9
文盲,HSK7-9
文科,HSK7-9
文章,HSK3
文艺,HSK5
文雅,HSK7-9
斑点,HSK7-9
斗,HSK7-9
斗争,HSK6
斗志,HSK7-9
料,HSK6
料到,HSK7-9
料理,HSK7-9
斜,HSK5
斤,HSK2
斧子,HSK7-9
斩,HSK7-9
斩草除根,HSK7-9
断,HSK3
断定,HSK7-9
断断续续,HSK7-9
断裂,HSK7-9
新,HSK1
新人,HSK6
新兴,HSK6
新型,HSK4
新奇,HSK7-9
新娘,HSK4
新年,HSK1
新式,HSK7-9
新房,HSK7-9
新手,HSK7-9
新款,HSK7-9
新潮,HSK7-9
新生,HSK7-9
新郎,HSK4
新闻,HSK2
新陈代谢,HSK7-9
新颖,HSK7-9
新鲜,HSK4
方,HSK4
方便,HSK2
方便面,HSK2
方向,HSK2
方向盘,HSK7-9
方式,HSK3
方方面面,HSK7-9
方案,HSK4
方法,HSK2
方言,HSK7-9
方针,HSK4
方面,HSK2
施加,HSK7-9
施压,HSK7-9
施工,HSK7-9
施行,HSK7-9
旁,HSK5
旁观,HSK7-9
旁边,HSK1
旅客,HSK2
旅店,HSK6
旅游,HSK2
旅程,HSK7-9
旅行,HSK2
旅行社,HSK3
旅途,HSK7-9
旅馆,HSK3
旋律,HSK7-9
旋涡,HSK7-9
旋转,HSK6
族,HSK6
旗帜,HSK7-9
旗袍,HSK7-9
无,HSK4
无不,HSK7-9
无偿,HSK7-9
无关,HSK6
无关紧要,HSK7-9
无力,HSK7-9
无可厚非,HSK7-9
无可奈何,HSK7-9
无可奉告,HSK7-9
无奈,HSK5
无家可归,HSK7-9
无形,HSK7-9
无形中,HSK7-9
无微不至,HSK7-9
无忧无虑,HSK7-9
无恶不作,HSK7-9
无情,HSK7-9
无情无义,HSK7-9
无意,HSK7-9
无所事事,HSK7-9
无所作为,HSK7-9
无所谓,HSK4
无故,HSK7-9
无效,HSK6
无敌,HSK7-9
无数,HSK4
无条件,HSK7-9
无比,HSK7-9
无法,HSK4
无济于事,HSK7-9
无理,HSK7-9
无疑,HSK5
无知,HSK7-9
无私,HSK7-9
无穷,HSK7-9
无精打采,HSK7-9
无线,HSK7-9
无线电,HSK7-9
无缘,HSK7-9
无聊,HSK4
无能,HSK7-9
无能为力,HSK7-9
无论,HSK4
无论如何,HSK7-9
无话可说,HSK7-9
无足轻重,HSK7-9
无辜,HSK7-9
无边,HSK6
无限,HSK4
无非,HSK7-9
无须,HSK7-9
既,HSK4
既然,HSK4
日,HSK1
日前,HSK7-9
日历,HSK4
日后,HSK7-9
日复一日,HSK7-9
日夜,HSK6
日子,HSK2
日常,HSK3
日报,HSK2
日新月异,HSK7-9
日期,HSK1
日益,HSK7-9
日程,HSK7-9
日记,HSK4
日语,HSK6
日趋,HSK7-9
旧,HSK3
旨在,HSK7-9
早,HSK1
早上,HSK1
早就,HSK2
早已,HSK3
早年,HSK7-9
早日,HSK7-9
早晚,HSK6
早晨,HSK2
早期,HSK5
早餐,HSK2
早饭,HSK1
旭日,HSK7-9
旱,HSK7-9
旱灾,HSK7-9
时,HSK3
时不时,HSK7-9
时事,HSK5
时代,HSK3
时候,HSK1
时光,HSK5
时刻,HSK3
时好时坏,HSK7-9
时尚,HSK7-9
时常,HSK5
时时,HSK6
时期,HSK6
时机,HSK5
时段,HSK7-9
时空,HSK7-9
时而,HSK6
时节,HSK6
时装,HSK6
时速,HSK7-9
时间,HSK1
时间表,HSK7-9
时隔,HSK7-9
时髦,HSK7-9
旷课,HSK7-9
旺,HSK7-9
旺季,HSK7-9
旺盛,HSK7-9
昂贵,HSK7-9
昆虫,HSK7-9
昌盛,HSK6
明亮,HSK5
明天,HSK1
明媚,HSK7-9
明年,HSK1
明日,HSK6
明明,HSK5
明星,HSK2
明显,HSK3
明智,HSK7-9
明朗,HSK7-9
明白,HSK1
明确,HSK3
昏,HSK6
昏迷,HSK7-9
易拉罐,HSK7-9
昔日,HSK7-9
星座,HSK7-9
星星,HSK2
星期,HSK1
星期天,HSK1
星期日,HSK1
映,HSK7-9
春天,HSK2
春季,HSK4
春节,HSK2
昨天,HSK1
是,HSK1
是不是,HSK1
是否,HSK4
是非,HSK7-9
昼夜,HSK7-9
显,HSK5
显出,HSK6
显得,HSK3
显然,HSK3
显现,HSK7-9
显眼,HSK7-9
显示,HSK3
显示器,HSK7-9
显而易见,HSK7-9
显著,HSK4
显赫,HSK7-9
晃,HSK7-9
晃荡,HSK7-9
晋升,HSK7-9
晒,HSK4
晒太阳,HSK7-9
晓得,HSK6
晕,HSK6
晕倒,HSK7-9
晕车,HSK6
晚,HSK1
晚上,HSK1
晚会,HSK2
晚安,HSK2
晚年,HSK7-9
晚报,HSK2
晚期,HSK7-9
晚点,HSK4
晚间,HSK7-9
晚餐,HSK2
晚饭,HSK1
普及,HSK3
普通,HSK2
普通人,HSK7-9
普通话,HSK2
普遍,HSK3
景,HSK6
景区,HSK7-9
景点,HSK6
景色,HSK3
景观,HSK7-9
景象,HSK5
晴,HSK2
晴天,HSK2
晴朗,HSK5
晶莹,HSK7-9
智力,HSK4
智商,HSK7-9
智慧,HSK6
智能,HSK4
暂,HSK7-9
暂停,HSK5
暂时,HSK5
暑假,HSK4
暑期,HSK7-9
暖,HSK5
暖和,HSK3
暖气,HSK4
暖烘烘,HSK7-9
暗,HSK4
暗中,HSK7-9
暗地里,HSK7-9
暗杀,HSK7-9
暗示,HSK4
暴利,HSK7-9
暴力,HSK6
暴躁,HSK7-9
暴雨,HSK6
暴露,HSK6
暴风雨,HSK6
暴风骤雨,HSK7-9
曙光,HSK7-9
曝光,HSK7-9
曰,HSK7-9
曲,HSK7-9
曲折,HSK7-9
曲线,HSK7-9
更,HSK2
更加,HSK3
更换,HSK5
更改,HSK7-9
更新,HSK5
更是,HSK6
更衣室,HSK7-9
曾,HSK4
曾经,HSK3
替,HSK4
替代,HSK4
替换,HSK7-9
替身,HSK7-9
最,HSK1
最佳,HSK6
最初,HSK4
最后,HSK1
最好,HSK1
最终,HSK6
最近,HSK2
月,HSK1
月亮,HSK2
月份,HSK2
月初,HSK7-9
月底,HSK4
月球,HSK5
月票,HSK7-9
月饼,HSK5
有,HSK1
有两下子,HSK7-9
有事,HSK6
有些,HSK1
有人,HSK2
有关,HSK6
有利,HSK3
有利于,HSK5
有力,HSK5
有助于,HSK7-9
有劲儿,HSK4
有口无心,HSK7-9
有名,HSK1
有声有色,HSK7-9
有害,HSK5
有幸,HSK7-9
有序,HSK7-9
有待,HSK7-9
有意,HSK7-9
有意思,HSK2
有所,HSK7-9
有所不同,HSK7-9
有效,HSK3
有效期,HSK7-9
有时,HSK1
有时候,HSK1
有望,HSK7-9
有朝一日,HSK7-9
有机,HSK7-9
有毒,HSK5
有没有,HSK6
有点儿,HSK2
有用,HSK1
有的,HSK1
有的放矢,HSK7-9
有的是,HSK3
有益,HSK7-9
有着,HSK5
有空儿,HSK2
有趣,HSK4
有限,HSK4
朋友,HSK1
服,HSK6
服从,HSK5
服务,HSK2
服务器,HSK7-9
服用,HSK7-9
服装,HSK3
服饰,HSK7-9
朗诵,HSK7-9
朗读,HSK5
望,HSK7-9
望见,HSK6
望远镜,HSK7-9
朝,HSK3
朝三暮四,HSK7-9
朝代,HSK7-9
朝夕相处,HSK7-9
朝气蓬勃,HSK7-9
朝着,HSK7-9
期,HSK3
期中,HSK4
期待,HSK4
期望,HSK5
期末,HSK4
期盼,HSK7-9
期间,HSK4
期限,HSK4
朦胧,HSK7-9
木偶,HSK7-9
木匠,HSK7-9
木头,HSK3
木材,HSK7-9
木板,HSK7-9
未,HSK7-9
未免,HSK7-9
未必,HSK4
未成年人,HSK7-9
未来,HSK4
未知数,HSK7-9
未经,HSK7-9
末,HSK4
末日,HSK7-9
本,HSK1
本事,HSK3
本人,HSK5
本分,HSK7-9
本土,HSK6
本地,HSK6
本子,HSK1
本性,HSK7-9
本意,HSK7-9
本期,HSK6
本来,HSK3
本着,HSK7-9
本科,HSK4
本能,HSK7-9
本色,HSK7-9
本质,HSK6
本身,HSK6
本钱,HSK7-9
本领,HSK3
朱红,HSK7-9
朴实,HSK7-9
朴素,HSK7-9
朵,HSK5
机会,HSK2
机关,HSK6
机制,HSK5
机动,HSK7-9
机动车,HSK6
机器,HSK3
机器人,HSK5
机场,HSK1
机密,HSK7-9
机智,HSK7-9
机构,HSK4
机械,HSK6
机灵,HSK7-9
机票,HSK1
机舱,HSK7-9
机遇,HSK4
杀,HSK5
杀害,HSK7-9
杀手,HSK7-9
杀毒,HSK5
杂,HSK6
杂乱无章,HSK7-9
杂交,HSK7-9
杂志,HSK3
杂技,HSK7-9
权,HSK6
权利,HSK4
权力,HSK6
权威,HSK7-9
权益,HSK7-9
权衡,HSK7-9
杆,HSK6
材料,HSK4
村,HSK3
村庄,HSK6
杜绝,HSK7-9
束,HSK3
束缚,HSK7-9
杠铃,HSK7-9
条,HSK2
条件,HSK2
条例,HSK7-9
条款,HSK7-9
条约,HSK7-9
来,HSK1
来不及,HSK4
来临,HSK7-9
来信,HSK5
来到,HSK1
来历,HSK7-9
来回,HSK7-9
来宾,HSK7-9
来年,HSK7-9
来往,HSK6
来得及,HSK4
来源,HSK4
来源于,HSK7-9
来电,HSK7-9
来自,HSK2
来访,HSK7-9
来龙去脉,HSK7-9
杨树,HSK7-9
杯,HSK1
杯子,HSK1
杰出,HSK6
松,HSK4
松弛,HSK7-9
松树,HSK4
松绑,HSK7-9
板,HSK3
板块,HSK7-9
极,HSK4
极为,HSK7-9
极了,HSK3
极其,HSK4
极力,HSK7-9
极少数,HSK7-9
极度,HSK7-9
极端,HSK6
极限,HSK7-9
构建,HSK6
构思,HSK7-9
构想,HSK7-9
构成,HSK4
构造,HSK4
枕头,HSK7-9
枚,HSK7-9
果园,HSK7-9
果实,HSK4
果断,HSK7-9
果树,HSK6
果汁,HSK3
果然,HSK3
果真,HSK7-9
果酱,HSK6
枝,HSK6
枢纽,HSK7-9
枣,HSK7-9
枪,HSK5
枪毙,HSK7-9
枯燥,HSK7-9
架,HSK3
架势,HSK7-9
架子,HSK7-9
柏树,HSK7-9
某,HSK3
染,HSK5
柔和,HSK7-9
柔软,HSK7-9
柜台,HSK7-9
柜子,HSK5
查,HSK2
查出,HSK6
查处,HSK7-9
查找,HSK7-9
查明,HSK7-9
查看,HSK6
查询,HSK5
柱子,HSK6
柳树,HSK7-9
柿子,HSK7-9
标,HSK7-9
标准,HSK3
标志,HSK4
标本,HSK7-9
标榜,HSK7-9
标示,HSK7-9
标签,HSK7-9
标致,HSK7-9
标语,HSK7-9
标题,HSK3
栋,HSK7-9
栋梁,HSK7-9
栏,HSK7-9
栏杆,HSK7-9
栏目,HSK6
树,HSK1
树叶,HSK4
树木,HSK7-9
树林,HSK4
树枝,HSK7-9
树梢,HSK7-9
树立,HSK7-9
树荫,HSK7-9
校园,HSK2
校长,HSK2
株,HSK7-9
样,HSK6
样品,HSK7-9
样子,HSK2
样本,HSK7-9
核,HSK7-9
核实,HSK7-9
核对,HSK7-9
核心,HSK6
核桃,HSK7-9
核武器,HSK7-9
核电站,HSK7-9
核能,HSK7-9
根,HSK4
根基,HSK7-9
根据,HSK4
根本,HSK3
根治,HSK7-9
根深蒂固,HSK7-9
根源,HSK7-9
格,HSK7-9
格外,HSK4
格局,HSK7-9
格式,HSK7-9
格格不入,HSK7-9
栽,HSK7-9
栽培,HSK7-9
桂花,HSK7-9
桃,HSK5
桃树,HSK5
桃花,HSK5
框,HSK7-9
框架,HSK7-9
案件,HSK7-9
桌子,HSK1
桑拿,HSK7-9
档,HSK6
档案,HSK6
档次,HSK7-9
桥,HSK3
桥梁,HSK6
桩,HSK7-9
桶,HSK7-9
梅花,HSK6
梦,HSK4
梦幻,HSK7-9
梦想,HSK4
梦见,HSK4
梨,HSK5
梯子,HSK7-9
梳,HSK7-9
梳子,HSK7-9
梳理,HSK7-9
检察,HSK7-9
检查,HSK2
检测,HSK4
检讨,HSK7-9
检验,HSK5
棉,HSK6
棉花,HSK7-9
棋,HSK7-9
棋子,HSK7-9
棍,HSK7-9
棍子,HSK7-9
棒,HSK5
棒球,HSK7-9
棘手,HSK7-9
森林,HSK4
棱角,HSK7-9
棵,HSK4
棺材,HSK7-9
椅子,HSK2
植物,HSK4
椰子,HSK7-9
楷模,HSK7-9
楼,HSK1
楼上,HSK1
楼下,HSK1
楼房,HSK6
楼梯,HSK4
楼道,HSK6
概况,HSK7-9
概念,HSK3
概括,HSK4
概率,HSK7-9
概论,HSK7-9
榜样,HSK7-9
榨,HSK7-9
槐树,HSK7-9
槽,HSK7-9
模仿,HSK5
模型,HSK4
模式,HSK5
模拟,HSK7-9
模样,HSK5
模特儿,HSK4
模糊,HSK5
模范,HSK5
横,HSK6
横七竖八,HSK7-9
横向,HSK7-9
橘子,HSK7-9
橙汁,HSK7-9
橡皮,HSK7-9
橡胶,HSK7-9
欠,HSK5
欠条,HSK7-9
欠缺,HSK7-9
次,HSK1
次数,HSK6
次日,HSK7-9
欢乐,HSK3
欢呼,HSK7-9
欢声笑语,HSK7-9
欢快,HSK7-9
欢聚,HSK7-9
欢迎,HSK2
欣喜,HSK7-9
欣慰,HSK7-9
欣欣向荣,HSK7-9
欣赏,HSK5
欲望,HSK7-9
欺诈,HSK7-9
欺负,HSK6
欺骗,HSK7-9
款式,HSK7-9
款项,HSK7-9
歇,HSK5
歉意,HSK7-9
歌,HSK1
歌剧,HSK7-9
歌咏,HSK7-9
歌唱,HSK6
歌声,HSK3
歌手,HSK3
歌星,HSK6
歌曲,HSK5
歌舞,HSK7-9
歌词,HSK6
歌迷,HSK3
歌颂,HSK7-9
止,HSK6
止咳,HSK7-9
止步,HSK7-9
止血,HSK7-9
正,HSK1
正义,HSK5
正在,HSK1
正好,HSK2
正如,HSK5
正宗,HSK7-9
正常,HSK2
正式,HSK3
正当,HSK6
正是,HSK2
正版,HSK5
正直,HSK7-9
正确,HSK2
正能量,HSK7-9
正规,HSK5
正视,HSK7-9
正面,HSK7-9
此,HSK4
此事,HSK6
此刻,HSK5
此前,HSK6
此后,HSK5
此处,HSK6
此外,HSK4
此时,HSK5
此次,HSK6
此致,HSK6
此起彼伏,HSK7-9
步,HSK3
步伐,HSK7-9
步入,HSK7-9
步行,HSK4
步骤,HSK7-9
武力,HSK7-9
武器,HSK3
武术,HSK3
武装,HSK7-9
歧视,HSK7-9
歪,HSK7-9
歪曲,HSK7-9
歹徒,HSK7-9
死,HSK3
死亡,HSK6
死心,HSK7-9
死心塌地,HSK7-9
歼灭,HSK7-9
残,HSK7-9
残忍,HSK7-9
残留,HSK7-9
残疾,HSK6
残疾人,HSK6
残缺,HSK7-9
残酷,HSK6
殴打,HSK7-9
段,HSK2
段落,HSK7-9
殷勤,HSK7-9
殿堂,HSK7-9
毁,HSK6
毁坏,HSK7-9
毁灭,HSK7-9
毅力,HSK7-9
毅然,HSK7-9
母,HSK6
母亲,HSK3
母女,HSK6
母子,HSK6
母鸡,HSK6
每,HSK3
每当,HSK7-9
每逢,HSK7-9
毒,HSK5
毒品,HSK6
比,HSK1
比不上,HSK7-9
比例,HSK3
比分,HSK4
比喻,HSK7-9
比如,HSK2
比如说,HSK2
比方,HSK5
比比皆是,HSK7-9
比试,HSK7-9
比赛,HSK3
比起,HSK7-9
比较,HSK3
比重,HSK5
毕业,HSK4
毕业生,HSK4
毕竟,HSK5
毛,HSK1
毛巾,HSK4
毛病,HSK3
毛笔,HSK5
毛衣,HSK4
毫不,HSK7-9
毫不犹豫,HSK7-9
毫升,HSK4
毫无,HSK7-9
毫米,HSK4
毯子,HSK7-9
民主,HSK6
民众,HSK7-9
民俗,HSK7-9
民办,HSK7-9
民工,HSK6
民意,HSK6
民族,HSK3
民歌,HSK6
民用,HSK7-9
民警,HSK6
民间,HSK3
气,HSK2
气体,HSK5
气候,HSK3
气势,HSK7-9
气味,HSK7-9
气息,HSK7-9
气愤,HSK7-9
气氛,HSK6
气泡,HSK7-9
气派,HSK7-9
气温,HSK2
气球,HSK4
气管,HSK7-9
气象,HSK5
气质,HSK7-9
气馁,HSK7-9
气魄,HSK7-9
氛围,HSK7-9
氧,HSK7-9
氧气,HSK6
水,HSK1
水产品,HSK5
水准,HSK7-9
水分,HSK5
水利,HSK7-9
水域,HSK7-9
水壶,HSK7-9
水平,HSK2
水库,HSK5
水手,HSK7-9
水晶,HSK7-9
水果,HSK1
水槽,HSK7-9
水泥,HSK6
水涨船高,HSK7-9
水温,HSK7-9
水源,HSK7-9
水灵灵,HSK7-9
水灾,HSK5
水稻,HSK7-9
水管,HSK7-9
水落石出,HSK7-9
水货,HSK7-9
水面,HSK7-9
水龙头,HSK7-9
永不,HSK7-9
永久,HSK7-9
永恒,HSK7-9
永远,HSK2
汁,HSK7-9
求,HSK2
求助,HSK7-9
求医,HSK7-9
求婚,HSK7-9
求学,HSK7-9
求救,HSK7-9
求职,HSK6
求证,HSK7-9
汇,HSK4
汇合,HSK7-9
汇报,HSK4
汇款,HSK5
汇率,HSK4
汇聚,HSK7-9
汇集,HSK7-9
汉字,HSK1
汉语,HSK1
汗,HSK5
汗水,HSK7-9
江,HSK4
池塘,HSK7-9
池子,HSK5
污染,HSK5
污水,HSK5
污秽,HSK7-9
汤,HSK3
汤圆,HSK7-9
汪洋,HSK7-9
汹涌,HSK7-9
汽水,HSK4
汽油,HSK4
汽车,HSK1
沉,HSK4
沉思,HSK7-9
沉浸,HSK7-9
沉淀,HSK7-9
沉甸甸,HSK7-9
沉着,HSK7-9
沉稳,HSK7-9
沉迷,HSK7-9
沉重,HSK4
沉闷,HSK7-9
沉默,HSK4
沏,HSK7-9
沐浴露,HSK7-9
沙发,HSK3
沙子,HSK3
沙滩,HSK7-9
沙漠,HSK5
沙龙,HSK7-9
沟,HSK5
沟通,HSK5
没,HSK1
没事儿,HSK1
没什么,HSK1
没关系,HSK1
没准儿,HSK7-9
没劲,HSK7-9
没完没了,HSK7-9
没想到,HSK4
没意思,HSK7-9
没收,HSK6
没有,HSK1
没法儿,HSK4
没用,HSK3
没落,HSK7-9
没说的,HSK7-9
没辙,HSK7-9
没错,HSK4
沧桑,HSK7-9
沮丧,HSK7-9
河,HSK2
河流,HSK7-9
河畔,HSK7-9
沸沸扬扬,HSK7-9
沸腾,HSK7-9
油,HSK2
油画,HSK7-9
治,HSK4
治学,HSK7-9
治安,HSK5
治愈,HSK7-9
治理,HSK5
治疗,HSK4
治病,HSK6
沼泽,HSK7-9
沽名钓誉,HSK7-9
沾,HSK7-9
沾光,HSK7-9
沿,HSK6
沿岸,HSK7-9
沿海,HSK6
沿着,HSK6
沿线,HSK7-9
沿途,HSK7-9
泄,HSK7-9
泄密,HSK7-9
泄气,HSK7-9
泄漏,HSK7-9
泄露,HSK7-9
泉,HSK5
法,HSK4
法制,HSK5
法官,HSK4
法庭,HSK6
法律,HSK4
法规,HSK5
法语,HSK6
法院,HSK4
泛滥,HSK7-9
泡,HSK6
泡沫,HSK7-9
波动,HSK6
波及,HSK7-9
波折,HSK7-9
波浪,HSK6
波涛,HSK7-9
波澜,HSK7-9
泥,HSK6
泥土,HSK7-9
泥潭,HSK7-9
注,HSK7-9
注入,HSK7-9
注册,HSK5
注定,HSK7-9
注射,HSK5
注意,HSK3
注视,HSK5
注重,HSK5
泪,HSK4
泪水,HSK4
泰斗,HSK7-9
泻,HSK7-9
泼,HSK5
泼冷水,HSK7-9
洁净,HSK7-9
洋,HSK6
洋溢,HSK7-9
洒,HSK5
洗,HSK1
洗手间,HSK1
洗涤剂,HSK7-9
洗澡,HSK2
洗礼,HSK7-9
洗衣机,HSK2
洗衣粉,HSK6
洞,HSK5
津津有味,HSK7-9
津贴,HSK7-9
洪亮,HSK7-9
洪水,HSK6
活,HSK3
活儿,HSK7-9
活力,HSK5
活动,HSK2
活期,HSK7-9
活泼,HSK5
活该,HSK7-9
活跃,HSK6
洽谈,HSK7-9
派,HSK3
派出,HSK6
派别,HSK7-9
派遣,HSK7-9
流,HSK2
流传,HSK4
流入,HSK7-9
流利,HSK2
流动,HSK5
流向,HSK7-9
流域,HSK7-9
流失,HSK7-9
流感,HSK6
流氓,HSK7-9
流水,HSK7-9
流泪,HSK7-9
流浪,HSK7-9
流淌,HSK7-9
流畅,HSK7-9
流程,HSK7-9
流血,HSK7-9
流行,HSK2
流转,HSK7-9
流通,HSK5
流量,HSK7-9
流露,HSK7-9
浅,HSK4
浇,HSK7-9
测,HSK4
测定,HSK6
测算,HSK7-9
测试,HSK4
测量,HSK4
测验,HSK7-9
浏览,HSK7-9
浏览器,HSK7-9
浑身,HSK7-9
浓,HSK4
浓厚,HSK7-9
浓缩,HSK7-9
浓郁,HSK7-9
浓重,HSK7-9
浩劫,HSK7-9
浪,HSK7-9
浪漫,HSK5
浪费,HSK3
浮,HSK6
浮力,HSK7-9
浮现,HSK7-9
浮躁,HSK7-9
浴室,HSK7-9
海,HSK2
海关,HSK3
海内外,HSK7-9
海军,HSK6
海啸,HSK7-9
海域,HSK7-9
海外,HSK6
海岸,HSK7-9
海峡,HSK7-9
海底,HSK6
海报,HSK6
海拔,HSK7-9
海水,HSK4
海洋,HSK6
海浪,HSK6
海湾,HSK6
海滨,HSK7-9
海滩,HSK7-9
海盗,HSK7-9
海绵,HSK7-9
海藻,HSK7-9
海边,HSK2
海运,HSK7-9
海量,HSK7-9
海面,HSK7-9
海鲜,HSK4
浸泡,HSK7-9
涂,HSK7-9
消,HSK7-9
消化,HSK4
消失,HSK3
消息,HSK3
消极,HSK5
消毒,HSK5
消沉,HSK7-9
消灭,HSK6
消耗,HSK6
消费,HSK3
消费者,HSK5
消遣,HSK7-9
消防,HSK5
消除,HSK5
涉及,HSK6
涉嫌,HSK7-9
涌,HSK7-9
涌入,HSK7-9
涌现,HSK7-9
涝,HSK7-9
润,HSK7-9
涨,HSK5
涨价,HSK5
涮,HSK7-9
液体,HSK7-9
液晶,HSK7-9
涵义,HSK7-9
涵盖,HSK7-9
淀粉,HSK7-9
淋,HSK7-9
淌,HSK7-9
淘,HSK7-9
淘气,HSK7-9
淘汰,HSK7-9
淡,HSK4
淡化,HSK7-9
淡季,HSK7-9
深,HSK3
深信,HSK7-9
深入,HSK3
深入人心,HSK7-9
深切,HSK7-9
深刻,HSK3
深化,HSK6
深厚,HSK4
深受,HSK7-9
深处,HSK5
深夜,HSK7-9
深奥,HSK7-9
深度,HSK5
深思,HSK7-9
深情,HSK7-9
深深,HSK6
深远,HSK7-9
混,HSK6
混乱,HSK6
混凝土,HSK7-9
混合,HSK6
混浊,HSK7-9
混淆,HSK7-9
淹,HSK7-9
添,HSK6
添加,HSK7-9
清,HSK6
清凉,HSK7-9
清单,HSK7-9
清新,HSK7-9
清明,HSK7-9
清明节,HSK6
清晨,HSK5
清晰,HSK7-9
清楚,HSK2
清洁,HSK6
清洁工,HSK6
清洗,HSK6
清淡,HSK7-9
清理,HSK5
清真寺,HSK7-9
清脆,HSK7-9
清醒,HSK4
清除,HSK7-9
清静,HSK7-9
渊源,HSK7-9
渐渐,HSK4
渔民,HSK7-9
渔船,HSK7-9
渗,HSK7-9
渗透,HSK7-9
渠道,HSK6
渡,HSK6
渡过,HSK7-9
渣子,HSK7-9
温习,HSK7-9
温和,HSK5
温室,HSK7-9
温度,HSK2
温度计,HSK7-9
温暖,HSK3
温柔,HSK7-9
温泉,HSK7-9
温馨,HSK7-9
港,HSK7-9
港口,HSK6
渴,HSK1
渴望,HSK5
游,HSK3
游人,HSK6
游客,HSK2
游戏,HSK3
游戏机,HSK6
游泳,HSK3
游泳池,HSK5
游玩,HSK6
游船,HSK7-9
游行,HSK6
游览,HSK7-9
渺小,HSK7-9
湖,HSK2
湖泊,HSK7-9
湿,HSK4
湿度,HSK7-9
湿润,HSK7-9
溅,HSK7-9
源于,HSK7-9
源头,HSK7-9
源泉,HSK7-9
源源不断,HSK7-9
溜,HSK7-9
溜达,HSK7-9
溢,HSK7-9
溶解,HSK7-9
滋味,HSK7-9
滋润,HSK7-9
滑,HSK5
滑冰,HSK7-9
滑梯,HSK7-9
滑稽,HSK7-9
滑雪,HSK7-9
滔滔不绝,HSK7-9
滚,HSK5
滚动,HSK7-9
滞后,HSK7-9
滞留,HSK7-9
满,HSK2
满怀,HSK7-9
满意,HSK2
满足,HSK3
滥用,HSK7-9
滨海,HSK7-9
滴,HSK6
漂,HSK7-9
漂亮,HSK2
漆,HSK7-9
漏,HSK5
漏洞,HSK5
演,HSK3
演习,HSK7-9
演出,HSK3
演变,HSK7-9
演员,HSK3
演唱,HSK3
演唱会,HSK3
演奏,HSK6
演戏,HSK7-9
演技,HSK7-9
演播室,HSK7-9
演示,HSK7-9
演练,HSK7-9
演绎,HSK7-9
演艺圈,HSK7-9
演讲,HSK4
演说,HSK7-9
漠然,HSK7-9
漫,HSK7-9
漫游,HSK7-9
漫画,HSK5
漫长,HSK5
潇洒,HSK7-9
潜力,HSK6
潜在,HSK7-9
潜水,HSK7-9
潜移默化,HSK7-9
潜能,HSK7-9
潜艇,HSK7-9
潦草,HSK7-9
潮,HSK4
潮流,HSK4
潮湿,HSK4
澄清,HSK7-9
激光,HSK7-9
激动,HSK4
激励,HSK7-9
激化,HSK7-9
激发,HSK7-9
激情,HSK6
激活,HSK7-9
激烈,HSK4
激素,HSK7-9
激起,HSK7-9
瀑布,HSK7-9
灌,HSK7-9
灌溉,HSK7-9
灌输,HSK7-9
火,HSK3
火候,HSK7-9
火山,HSK7-9
火暴,HSK7-9
火柴,HSK5
火灾,HSK5
火炬,HSK7-9
火热,HSK7-9
火焰,HSK7-9
火箭,HSK6
火腿,HSK5
火花,HSK7-9
火药,HSK7-9
火车,HSK1
火辣辣,HSK7-9
火速,HSK7-9
火锅,HSK7-9
灭,HSK6
灭亡,HSK7-9
灭绝,HSK7-9
灯,HSK2
灯光,HSK4
灯泡,HSK7-9
灯笼,HSK7-9
灰,HSK7-9
灰尘,HSK7-9
灰心,HSK7-9
灰色,HSK5
灵,HSK7-9
灵巧,HSK7-9
灵感,HSK7-9
灵敏,HSK7-9
灵机一动,HSK7-9
灵活,HSK6
灵通,HSK7-9
灵魂,HSK7-9
灼热,HSK7-9
灾,HSK5
灾区,HSK5
灾害,HSK5
灾难,HSK5
灿烂,HSK7-9
炉子,HSK7-9
炉灶,HSK7-9
炎热,HSK7-9
炎症,HSK7-9
炒,HSK6
炒作,HSK6
炒股,HSK6
炖,HSK7-9
炫耀,HSK7-9
炭,HSK7-9
炮,HSK6
炸,HSK6
炸弹,HSK6
炸药,HSK6
点,HSK1
点击率,HSK7-9
点名,HSK4
点头,HSK2
点子,HSK7-9
点心,HSK7-9
点火,HSK7-9
点燃,HSK5
点缀,HSK7-9
点评,HSK7-9
炼,HSK7-9
烂,HSK5
烈士,HSK7-9
烘干,HSK7-9
烘托,HSK7-9
烟,HSK3
烟囱,HSK7-9
烟火,HSK7-9
烟花,HSK6
烤,HSK7-9
烤肉,HSK5
烤鸭,HSK5
烦,HSK4
烦恼,HSK7-9
烦躁,HSK7-9
烦闷,HSK7-9
烧,HSK4
烧毁,HSK7-9
烧烤,HSK7-9
烫,HSK7-9
热,HSK1
热带,HSK7-9
热心,HSK4
热情,HSK2
热气,HSK7-9
热气球,HSK7-9
热水,HSK6
热水器,HSK6
热潮,HSK7-9
热点,HSK6
热烈,HSK3
热爱,HSK3
热线,HSK6
热腾腾,HSK7-9
热衷,HSK7-9
热量,HSK5
热门,HSK5
热闹,HSK4
烹调,HSK7-9
焊,HSK7-9
焕发,HSK7-9
焚烧,HSK7-9
焦,HSK7-9
焦急,HSK7-9
焦点,HSK6
焦虑,HSK7-9
焦距,HSK7-9
焦躁,HSK7-9
焰火,HSK7-9
然后,HSK2
然而,HSK4
煎,HSK7-9
煤,HSK5
煤气,HSK5
煤炭,HSK7-9
煤矿,HSK7-9
照,HSK3
照例,HSK7-9
照办,HSK7-9
照常,HSK7-9
照料,HSK7-9
照明,HSK7-9
照样,HSK6
照片,HSK2
照相,HSK2
照耀,HSK6
照顾,HSK2
煮,HSK6
煲,HSK7-9
煽动,HSK7-9
熄火,HSK7-9
熊,HSK5
熏,HSK7-9
熏陶,HSK7-9
熙熙攘攘,HSK7-9
熟,HSK2
熟人,HSK3
熟悉,HSK5
熟练,HSK4
熬,HSK7-9
熬夜,HSK7-9
燃放,HSK7-9
燃料,HSK4
燃气,HSK7-9
燃油,HSK7-9
燃烧,HSK4
燕子,HSK7-9
爆,HSK6
爆冷门,HSK7-9
爆发,HSK6
爆满,HSK7-9
爆炸,HSK6
爆竹,HSK7-9
爪子,HSK7-9
爬,HSK2
爬山,HSK2
爱,HSK1
爱不释手,HSK7-9
爱人,HSK2
爱国,HSK4
爱好,HSK1
爱心,HSK3
爱情,HSK2
爱惜,HSK7-9
爱护,HSK4
爱理不理,HSK7-9
爱面子,HSK7-9
爵士,HSK7-9
父亲,HSK3
父女,HSK6
父子,HSK6
父母,HSK3
爷爷,HSK1
爸,HSK1
爸爸,HSK1
爹,HSK7-9
爽,HSK6
爽快,HSK7-9
片,HSK2
片子,HSK7-9
片段,HSK7-9
片面,HSK4
版,HSK5
牌,HSK4
牌子,HSK3
牌照,HSK7-9
牙,HSK4
牙刷,HSK4
牙膏,HSK7-9
牙齿,HSK7-9
牛,HSK3
牛仔裤,HSK5
牛奶,HSK1
牡丹,HSK7-9
牢,HSK6
牢固,HSK7-9
牢牢,HSK7-9
牢记,HSK7-9
牧场,HSK7-9
牧民,HSK7-9
物业,HSK5
物价,HSK5
物体,HSK7-9
物品,HSK6
物流,HSK7-9
物证,HSK7-9
物质,HSK5
物资,HSK7-9
牲畜,HSK7-9
牵,HSK6
牵制,HSK7-9
牵头,HSK7-9
牵扯,HSK7-9
牵挂,HSK7-9
牵涉,HSK7-9
特,HSK6
特产,HSK7-9
特价,HSK4
特例,HSK7-9
特别,HSK2
特制,HSK7-9
特地,HSK6
特大,HSK6
特定,HSK5
特征,HSK4
特快,HSK6
特性,HSK5
特意,HSK6
特有,HSK5
特权,HSK7-9
特殊,HSK4
特点,HSK2
特色,HSK3
特质,HSK7-9
特邀,HSK7-9
特长,HSK7-9
牺牲,HSK6
犯,HSK6
犯愁,HSK7-9
犯罪,HSK6
犯规,HSK6
状元,HSK7-9
状况,HSK3
状态,HSK3
犹如,HSK7-9
犹豫,HSK5
犹豫不决,HSK7-9
狂,HSK5
狂欢,HSK7-9
狂欢节,HSK7-9
狂热,HSK7-9
狗,HSK2
狠,HSK6
狡猾,HSK7-9
独,HSK7-9
独一无二,HSK7-9
独唱,HSK7-9
独家,HSK7-9
独特,HSK4
独立,HSK4
独立自主,HSK7-9
独自,HSK4
独身,HSK7-9
狭小,HSK7-9
狭窄,HSK7-9
狭隘,HSK7-9
狮子,HSK7-9
狼,HSK7-9
狼狈,HSK7-9
猎人,HSK7-9
猎犬,HSK7-9
猖狂,HSK7-9
猛,HSK6
猛烈,HSK7-9
猛然,HSK7-9
猜,HSK5
猜想,HSK7-9
猜测,HSK5
猜谜,HSK7-9
猩猩,HSK7-9
猪,HSK3
猫,HSK2
献,HSK5
献血,HSK7-9
猴,HSK5
玄,HSK7-9
玄机,HSK7-9
率,HSK7-9
率先,HSK4
率领,HSK5
玉,HSK4
玉米,HSK4
王,HSK4
王后,HSK6
王国,HSK7-9
王子,HSK6
王牌,HSK7-9
玩儿,HSK1
玩具,HSK3
玩意儿,HSK7-9
玩耍,HSK7-9
玫瑰,HSK7-9
环,HSK3
环保,HSK3
环境,HSK3
环球,HSK7-9
环绕,HSK7-9
环节,HSK5
现代,HSK3
现任,HSK7-9
现在,HSK1
现场,HSK3
现实,HSK3
现成,HSK7-9
现有,HSK5
现状,HSK5
现行,HSK7-9
现象,HSK3
现金,HSK3
玻璃,HSK5
珍惜,HSK5
珍珠,HSK5
珍藏,HSK7-9
珍视,HSK7-9
珍贵,HSK5
珍重,HSK7-9
珠宝,HSK6
班,HSK1
班级,HSK3
班长,HSK2
球,HSK1
球员,HSK6
球场,HSK2
球拍,HSK6
球星,HSK6
球迷,HSK3
球队,HSK2
球鞋,HSK2
理,HSK6
理事,HSK7-9
理会,HSK7-9
理发,HSK3
理念,HSK7-9
理性,HSK7-9
理想,HSK2
理所当然,HSK7-9
理智,HSK6
理由,HSK3
理直气壮,HSK7-9
理睬,HSK7-9
理科,HSK7-9
理解,HSK3
理论,HSK3
理财,HSK6
琢磨,HSK7-9
琴,HSK5
瑞雪,HSK7-9
瑰宝,HSK7-9
瓜,HSK4
瓜分,HSK7-9
瓜子,HSK7-9
瓦,HSK7-9
瓶,HSK2
瓶子,HSK2
瓶颈,HSK7-9
瓷,HSK7-9
瓷器,HSK7-9
甘心,HSK7-9
甚至,HSK4
甚至于,HSK7-9
甜,HSK3
甜头,HSK7-9
甜美,HSK7-9
甜蜜,HSK7-9
生,HSK2
生产,HSK3
生前,HSK7-9
生动,HSK3
生命,HSK3
生命线,HSK7-9
生存,HSK3
生平,HSK7-9
生态,HSK7-9
生怕,HSK7-9
生意,HSK3
生成,HSK5
生效,HSK7-9
生日,HSK1
生机,HSK7-9
生死,HSK7-9
生气,HSK1
生活,HSK2
生活费,HSK6
生涯,HSK7-9
生物,HSK7-9
生理,HSK7-9
生病,HSK1
生硬,HSK7-9
生育,HSK7-9
生词,HSK2
生长,HSK3
用,HSK1
用不着,HSK5
用于,HSK5
用人,HSK7-9
用力,HSK7-9
用功,HSK7-9
用品,HSK6
用处,HSK6
用得着,HSK6
用心,HSK6
用意,HSK7-9
用户,HSK5
用来,HSK5
用法,HSK6
用途,HSK4
用餐,HSK7-9
甩,HSK7-9
田,HSK6
田径,HSK6
由,HSK3
由于,HSK3
由来,HSK7-9
由此,HSK5
由此可见,HSK7-9
由此看来,HSK7-9
由衷,HSK7-9
甲,HSK5
申办,HSK7-9
申报,HSK7-9
申请,HSK4
申领,HSK7-9
电,HSK1
电信,HSK7-9
电力,HSK6
电动,HSK6
电动车,HSK4
电台,HSK3
电器,HSK6
电子版,HSK5
电子邮件,HSK3
电影,HSK1
电影院,HSK1
电报,HSK7-9
电梯,HSK4
电池,HSK5
电源,HSK4
电灯,HSK4
电线,HSK7-9
电网,HSK7-9
电脑,HSK1
电视,HSK1
电视剧,HSK3
电视台,HSK3
电视机,HSK1
电讯,HSK7-9
电话,HSK1
电车,HSK6
电铃,HSK7-9
电饭锅,HSK5
男,HSK1
男人,HSK1
男士,HSK4
男女,HSK4
男子,HSK3
男孩儿,HSK1
男性,HSK5
男朋友,HSK1
男生,HSK1
画,HSK2
画儿,HSK2
画册,HSK7-9
画家,HSK2
画展,HSK7-9
画蛇添足,HSK7-9
画面,HSK5
画龙点睛,HSK7-9
畅谈,HSK7-9
畅通,HSK6
畅销,HSK7-9
界,HSK6
界定,HSK7-9
界线,HSK7-9
界限,HSK7-9
畏惧,HSK7-9
畏缩,HSK7-9
留,HSK2
留下,HSK2
留学,HSK3
留学生,HSK2
留心,HSK7-9
留念,HSK7-9
留恋,HSK7-9
留意,HSK7-9
留神,HSK7-9
留言,HSK6
略,HSK7-9
略微,HSK7-9
番,HSK6
番茄,HSK6
畸形,HSK7-9
疏导,HSK7-9
疏忽,HSK7-9
疏散,HSK7-9
疏通,HSK7-9
疑惑,HSK7-9
疑点,HSK7-9
疑虑,HSK7-9
疑问,HSK4
疗养,HSK4
疗效,HSK7-9
疗法,HSK7-9
疫苗,HSK7-9
疯,HSK5
疯子,HSK7-9
疯狂,HSK5
疲倦,HSK7-9
疲劳,HSK7-9
疲惫,HSK7-9
疲惫不堪,HSK7-9
疼,HSK2
疼痛,HSK6
疾病,HSK6
病,HSK1
病人,HSK1
病床,HSK7-9
病情,HSK6
病房,HSK6
病毒,HSK5
病症,HSK7-9
症状,HSK6
症结,HSK7-9
痒,HSK7-9
痕迹,HSK7-9
痛,HSK3
痛心,HSK7-9
痛快,HSK4
痛苦,HSK3
痰,HSK7-9
痴呆,HSK7-9
痴心,HSK7-9
痴迷,HSK7-9
瘟疫,HSK7-9
瘦,HSK5
瘫,HSK7-9
瘫痪,HSK7-9
瘾,HSK7-9
癌,HSK7-9
癌症,HSK7-9
登,HSK4
登山,HSK4
登录,HSK4
登机,HSK7-9
登记,HSK4
登陆,HSK7-9
白,HSK1
白天,HSK1
白白,HSK7-9
白色,HSK2
白菜,HSK3
白酒,HSK5
白领,HSK6
百,HSK1
百分比,HSK7-9
百分点,HSK6
百合,HSK7-9
百科全书,HSK7-9
百货,HSK4
的,HSK1
的确,HSK4
的话,HSK2
皆,HSK7-9
皇上,HSK7-9
皇后,HSK7-9
皇室,HSK7-9
皇宫,HSK7-9
皇帝,HSK6
皮,HSK3
皮包,HSK3
皮带,HSK7-9
皮球,HSK6
皮肤,HSK5
皮鞋,HSK5
皱,HSK7-9
盆,HSK5
盈利,HSK7-9
益处,HSK7-9
盏,HSK7-9
盐,HSK4
监察,HSK7-9
监护,HSK7-9
监控,HSK7-9
监测,HSK6
监狱,HSK7-9
监督,HSK6
监管,HSK7-9
监视,HSK7-9
盒,HSK5
盒子,HSK5
盒饭,HSK5
盖,HSK4
盖子,HSK7-9
盗,HSK7-9
盗版,HSK6
盗窃,HSK7-9
盘,HSK4
盘子,HSK4
盘算,HSK7-9
盛,HSK7-9
盛会,HSK7-9
盛大,HSK7-9
盛开,HSK7-9
盛气凌人,HSK7-9
盛行,HSK6
盟友,HSK7-9
目不转睛,HSK7-9
目中无人,HSK7-9
目光,HSK5
目前,HSK3
目录,HSK7-9
目标,HSK3
目的,HSK2
目的地,HSK7-9
目睹,HSK7-9
目瞪口呆,HSK7-9
盯,HSK7-9
盲人,HSK6
盲目,HSK7-9
直,HSK3
直到,HSK3
直升机,HSK6
直奔,HSK7-9
直径,HSK7-9
直接,HSK2
直播,HSK3
直线,HSK5
直至,HSK7-9
直观,HSK7-9
直视,HSK7-9
直觉,HSK7-9
直达,HSK7-9
相互,HSK3
相传,HSK7-9
相伴,HSK7-9
相似,HSK3
相依为命,HSK7-9
相信,HSK2
相关,HSK3
相反,HSK4
相同,HSK2
相声,HSK5
相处,HSK4
相对,HSK7-9
相对而言,HSK7-9
相差,HSK7-9
相应,HSK5
相当,HSK3
相当于,HSK7-9
相提并论,HSK7-9
相机,HSK2
相比,HSK3
相比之下,HSK7-9
相片,HSK4
相等,HSK5
相约,HSK7-9
相继,HSK7-9
相识,HSK7-9
相辅相成,HSK7-9
相连,HSK7-9
相通,HSK7-9
相遇,HSK7-9
盼,HSK7-9
盼望,HSK6
省,HSK2
省事,HSK7-9
省略,HSK7-9
省钱,HSK6
眉开眼笑,HSK7-9
眉毛,HSK7-9
看,HSK1
看上去,HSK3
看不起,HSK4
看中,HSK7-9
看似,HSK7-9
看作,HSK6
看出,HSK5
看到,HSK1
看台,HSK7-9
看好,HSK6
看待,HSK5
看得出,HSK7-9
看得见,HSK6
看得起,HSK6
看成,HSK5
看护,HSK7-9
看望,HSK4
看来,HSK4
看样子,HSK7-9
看法,HSK2
看热闹,HSK7-9
看病,HSK1
看管,HSK6
看见,HSK1
看起来,HSK3
看重,HSK7-9
真,HSK1
真假,HSK7-9
真实,HSK3
真心,HSK7-9
真情,HSK7-9
真挚,HSK7-9
真是的,HSK7-9
真正,HSK2
真理,HSK5
真的,HSK1
真相,HSK5
真空,HSK7-9
真诚,HSK5
眨眼,HSK7-9
眼,HSK2
眼下,HSK7-9
眼光,HSK5
眼前,HSK3
眼泪,HSK4
眼界,HSK7-9
眼看,HSK6
眼睛,HSK2
眼神,HSK7-9
眼红,HSK7-9
眼色,HSK7-9
眼里,HSK4
眼镜,HSK4
着,HSK1
着力,HSK7-9
着实,HSK7-9
着急,HSK4
着想,HSK7-9
着手,HSK7-9
着火,HSK4
着眼,HSK7-9
着眼于,HSK7-9
着落,HSK7-9
着迷,HSK7-9
着重,HSK7-9
睁,HSK7-9
睡,HSK1
睡眠,HSK5
睡着,HSK4
睡袋,HSK7-9
睡觉,HSK1
督促,HSK7-9
瞄准,HSK7-9
瞅,HSK7-9
瞎,HSK7-9
瞒,HSK7-9
瞧,HSK5
瞧不起,HSK7-9
瞩目,HSK7-9
瞪,HSK7-9
瞬间,HSK7-9
瞻仰,HSK7-9
矛头,HSK7-9
矛盾,HSK5
矣,HSK7-9
知名,HSK6
知己,HSK7-9
知觉,HSK7-9
知识,HSK1
知识分子,HSK7-9
知足,HSK7-9
知道,HSK1
矫正,HSK7-9
短,HSK2
短信,HSK2
短处,HSK3
短暂,HSK7-9
短期,HSK3
短片,HSK6
短缺,HSK7-9
短裤,HSK3
矮,HSK4
矮小,HSK4
石头,HSK3
石油,HSK3
矿,HSK6
矿泉水,HSK4
矿藏,HSK7-9
码,HSK7-9
码头,HSK5
砂糖,HSK7-9
砍,HSK7-9
研制,HSK4
研发,HSK6
研究,HSK4
研究所,HSK5
研究生,HSK4
研讨,HSK7-9
砖,HSK7-9
破,HSK3
破产,HSK4
破坏,HSK3
破旧,HSK7-9
破案,HSK7-9
破灭,HSK7-9
破碎,HSK7-9
破裂,HSK7-9
破解,HSK7-9
破除,HSK7-9
砸,HSK7-9
硕士,HSK5
硕果,HSK7-9
硬,HSK5
硬件,HSK5
硬币,HSK7-9
硬朗,HSK7-9
硬盘,HSK7-9
确保,HSK3
确信,HSK7-9
确凿,HSK7-9
确切,HSK7-9
确定,HSK3
确实,HSK3
确立,HSK5
确认,HSK4
确诊,HSK7-9
碍事,HSK7-9
碎,HSK5
碑,HSK7-9
碗,HSK2
碧绿,HSK7-9
碰,HSK2
碰上,HSK7-9
碰到,HSK2
碰巧,HSK7-9
碰撞,HSK7-9
碰见,HSK2
碰钉子,HSK7-9
碳,HSK7-9
磁卡,HSK7-9
磁带,HSK7-9
磁盘,HSK7-9
磅,HSK7-9
磋商,HSK7-9
磕,HSK7-9
磨,HSK6
磨合,HSK7-9
磨损,HSK7-9
磨难,HSK7-9
礁石,HSK7-9
示威,HSK7-9
示意,HSK7-9
示范,HSK5
礼,HSK5
礼仪,HSK7-9
礼品,HSK7-9
礼堂,HSK6
礼拜,HSK5
礼服,HSK7-9
礼物,HSK2
礼貌,HSK5
社,HSK5
社交,HSK7-9
社会,HSK3
社会主义,HSK7-9
社区,HSK5
社团,HSK7-9
社论,HSK7-9
祈祷,HSK7-9
祖传,HSK7-9
祖先,HSK7-9
祖国,HSK6
祖宗,HSK7-9
祖母,HSK6
祖父,HSK6
祖籍,HSK7-9
祝,HSK3
祝愿,HSK6
祝福,HSK4
祝贺,HSK5
神,HSK5
神仙,HSK7-9
神圣,HSK7-9
神奇,HSK5
神态,HSK7-9
神情,HSK5
神气,HSK7-9
神秘,HSK4
神经,HSK5
神话,HSK4
祥和,HSK7-9
票,HSK1
票价,HSK3
票房,HSK7-9
祭,HSK7-9
祭奠,HSK7-9
祭祀,HSK7-9
祸害,HSK7-9
禁不住,HSK7-9
禁区,HSK7-9
禁忌,HSK7-9
禁止,HSK4
禅杖,HSK7-9
福,HSK3
福利,HSK5
福气,HSK7-9
离,HSK2
离不开,HSK4
离奇,HSK7-9
离婚,HSK3
离开,HSK2
离职,HSK7-9
离谱儿,HSK7-9
禾苗,HSK7-9
秀丽,HSK7-9
秀美,HSK7-9
私下,HSK7-9
私事,HSK7-9
私人,HSK5
私家车,HSK7-9
私房钱,HSK7-9
私有,HSK7-9
私立,HSK7-9
私自,HSK7-9
私营,HSK7-9
秃,HSK7-9
秉承,HSK7-9
秋天,HSK2
秋季,HSK4
种,HSK3
种子,HSK3
种族,HSK7-9
种植,HSK4
种种,HSK6
种类,HSK4
科,HSK2
科学,HSK2
科幻,HSK7-9
科技,HSK3
科普,HSK7-9
科目,HSK7-9
科研,HSK6
秒,HSK5
秘书,HSK4
秘密,HSK4
秘方,HSK7-9
秘诀,HSK7-9
租,HSK2
租赁,HSK7-9
租金,HSK6
秤,HSK7-9
秧歌,HSK7-9
秩序,HSK7-9
积,HSK7-9
积极,HSK3
积淀,HSK7-9
积累,HSK4
积蓄,HSK7-9
称,HSK2
称为,HSK3
称作,HSK7-9
称号,HSK5
称呼,HSK7-9
称赞,HSK4
移,HSK4
移交,HSK7-9
移动,HSK4
移植,HSK7-9
移民,HSK4
稀,HSK7-9
稀奇,HSK7-9
稀少,HSK7-9
稀罕,HSK7-9
程序,HSK4
程度,HSK3
稍,HSK5
稍候,HSK7-9
稍后,HSK7-9
稍微,HSK5
稍稍,HSK7-9
税,HSK6
税务,HSK7-9
税收,HSK7-9
稠,HSK7-9
稠密,HSK7-9
稳,HSK4
稳健,HSK7-9
稳固,HSK7-9
稳妥,HSK7-9
稳定,HSK4
稳重,HSK7-9
稻草,HSK7-9
稿子,HSK6
穆斯林,HSK7-9
穴位,HSK7-9
究竟,HSK4
穷,HSK4
穷人,HSK4
空,HSK3
空中,HSK5
空儿,HSK3
空军,HSK6
空前,HSK7-9
空地,HSK7-9
空想,HSK7-9
空气,HSK2
空白,HSK7-9
空荡荡,HSK7-9
空虚,HSK7-9
空调,HSK3
空间,HSK4
空隙,HSK7-9
空难,HSK7-9
穿,HSK1
穿上,HSK4
穿小鞋,HSK7-9
穿着,HSK7-9
穿越,HSK7-9
穿过,HSK7-9
突出,HSK3
突击,HSK7-9
突发,HSK7-9
突如其来,HSK7-9
突然,HSK3
突破,HSK5
突破口,HSK7-9
窃取,HSK7-9
窄,HSK7-9
窍门,HSK7-9
窑,HSK7-9
窒息,HSK7-9
窗口,HSK6
窗台,HSK4
窗子,HSK4
窗帘,HSK5
窗户,HSK4
窘迫,HSK7-9
窜,HSK7-9
窝,HSK7-9
窟窿,HSK7-9
立,HSK5
立交桥,HSK7-9
立体,HSK7-9
立刻,HSK3
立功,HSK7-9
立即,HSK4
立场,HSK5
立方,HSK7-9
立方米,HSK7-9
立足,HSK7-9
竖,HSK7-9
站,HSK1
站住,HSK2
站台,HSK6
站立,HSK7-9
竞争,HSK5
竞技,HSK7-9
竞相,HSK7-9
竞赛,HSK5
竞选,HSK7-9
竟,HSK7-9
竟敢,HSK7-9
竟然,HSK4
章,HSK6
竣工,HSK7-9
童年,HSK4
童话,HSK4
竭力,HSK7-9
竭尽全力,HSK7-9
端,HSK6
端午节,HSK6
端正,HSK7-9
竹子,HSK5
竹竿,HSK7-9
笑,HSK1
笑声,HSK6
笑容,HSK6
笑脸,HSK6
笑话,HSK2
笑话儿,HSK2
笔,HSK2
笔记,HSK2
笔记本,HSK2
笔试,HSK6
笛子,HSK7-9
符号,HSK4
符合,HSK4
笨,HSK4
笨蛋,HSK7-9
笨重,HSK7-9
第,HSK1
第一手,HSK7-9
第一线,HSK7-9
笼子,HSK7-9
笼统,HSK7-9
笼罩,HSK7-9
等,HSK1
等于,HSK2
等候,HSK5
等到,HSK2
等待,HSK3
等级,HSK5
筋,HSK7-9
筐,HSK7-9
筑,HSK7-9
筒,HSK7-9
答,HSK5
答复,HSK5
答应,HSK2
答案,HSK4
答辩,HSK7-9
策划,HSK6
策略,HSK6
筛,HSK7-9
筛选,HSK7-9
筷子,HSK2
筹,HSK7-9
筹划,HSK7-9
筹办,HSK7-9
筹备,HSK7-9
筹措,HSK7-9
筹码,HSK7-9
筹集,HSK7-9
签,HSK5
签名,HSK5
签字,HSK5
签约,HSK5
签署,HSK7-9
签订,HSK5
签证,HSK5
简介,HSK6
简体字,HSK7-9
简化,HSK7-9
简单,HSK3
简历,HSK4
简易,HSK7-9
简洁,HSK7-9
简直,HSK3
简短,HSK7-9
简称,HSK7-9
简要,HSK7-9
简陋,HSK7-9
算,HSK2
算了,HSK6
算是,HSK6
算盘,HSK7-9
算计,HSK7-9
算账,HSK7-9
管,HSK3
管子,HSK7-9
管家,HSK7-9
管教,HSK7-9
管理,HSK3
管理费,HSK7-9
管用,HSK7-9
管辖,HSK7-9
管道,HSK6
箭,HSK6
箱,HSK4
箱子,HSK4
篇,HSK2
篇幅,HSK7-9
篮球,HSK2
簇拥,HSK7-9
米,HSK2
米饭,HSK1
类,HSK3
类似,HSK3
类别,HSK7-9
类型,HSK4
粉,HSK7-9
粉丝,HSK7-9
粉碎,HSK7-9
粒,HSK7-9
粗,HSK4
粗心,HSK4
粗心大意,HSK7-9
粗暴,HSK7-9
粗略,HSK7-9
粗糙,HSK7-9
粗鲁,HSK7-9
粘,HSK7-9
粥,HSK6
粪,HSK7-9
粪便,HSK7-9
粮食,HSK4
粽子,HSK7-9
精,HSK6
精力,HSK4
精华,HSK7-9
精品,HSK6
精妙,HSK7-9
精彩,HSK3
精心,HSK7-9
精打细算,HSK7-9
精明,HSK7-9
精疲力竭,HSK7-9
精益求精,HSK7-9
精确,HSK7-9
精神,HSK3
精神病,HSK7-9
精简,HSK7-9
精练,HSK7-9
精细,HSK7-9
精美,HSK6
精致,HSK7-9
精英,HSK7-9
精通,HSK7-9
精髓,HSK7-9
糊,HSK7-9
糊涂,HSK7-9
糖,HSK3
糖尿病,HSK7-9
糖果,HSK7-9
糟,HSK5
糟糕,HSK5
系,HSK3
系列,HSK4
系统,HSK4
紊乱,HSK7-9
素,HSK7-9
素不相识,HSK7-9
素养,HSK7-9
素描,HSK7-9
素材,HSK7-9
素质,HSK6
素食,HSK7-9
索取,HSK7-9
索性,HSK7-9
索赔,HSK7-9
紧,HSK3
紧凑,HSK7-9
紧密,HSK4
紧张,HSK3
紧急,HSK3
紧接着,HSK7-9
紧紧,HSK5
紧缩,HSK7-9
紧缺,HSK7-9
紧迫,HSK7-9
紫,HSK5
累,HSK1
累积,HSK7-9
累计,HSK7-9
絮叨,HSK7-9
繁体字,HSK7-9
繁华,HSK7-9
繁忙,HSK7-9
繁殖,HSK6
繁荣,HSK5
繁重,HSK7-9
纠正,HSK6
纠纷,HSK6
纠缠,HSK7-9
红,HSK2
红包,HSK4
红扑扑,HSK7-9
红润,HSK7-9
红火,HSK7-9
红灯,HSK7-9
红眼,HSK7-9
红色,HSK2
红茶,HSK3
红薯,HSK7-9
红酒,HSK3
纤维,HSK7-9
约,HSK3
约会,HSK4
约定,HSK6
约定俗成,HSK7-9
约束,HSK5
级,HSK2
级别,HSK7-9
纪实,HSK7-9
纪录,HSK3
纪录片,HSK7-9
纪律,HSK4
纪念,HSK3
纪念日,HSK7-9
纪念碑,HSK7-9
纪念馆,HSK7-9
纬度,HSK7-9
纯,HSK4
纯净水,HSK4
纯朴,HSK7-9
纯洁,HSK7-9
纯粹,HSK7-9
纱,HSK7-9
纲要,HSK7-9
纲领,HSK7-9
纳入,HSK7-9
纳税,HSK7-9
纳税人,HSK7-9
纳闷儿,HSK7-9
纵容,HSK7-9
纵横交错,HSK7-9
纵深,HSK7-9
纵然,HSK7-9
纵观,HSK7-9
纷纷,HSK4
纸,HSK2
纺织,HSK7-9
纽带,HSK7-9
纽扣,HSK7-9
线,HSK3
线条,HSK7-9
线索,HSK5
线路,HSK6
练,HSK2
练习,HSK2
组,HSK2
组合,HSK3
组建,HSK7-9
组成,HSK2
组织,HSK5
组装,HSK7-9
组长,HSK2
绅士,HSK7-9
细,HSK4
细微,HSK7-9
细心,HSK7-9
细胞,HSK6
细腻,HSK7-9
细致,HSK4
细节,HSK4
细菌,HSK6
织,HSK6
终于,HSK3
终止,HSK5
终点,HSK5
终生,HSK7-9
终究,HSK7-9
终结,HSK7-9
终身,HSK5
经,HSK7-9
经久不息,HSK7-9
经典,HSK4
经历,HSK3
经受,HSK7-9
经商,HSK7-9
经常,HSK2
经度,HSK7-9
经济,HSK3
经理,HSK2
经营,HSK3
经贸,HSK7-9
经费,HSK5
经过,HSK2
经验,HSK3
绑,HSK7-9
绑架,HSK7-9
结,HSK4
结冰,HSK7-9
结合,HSK3
结婚,HSK3
结实,HSK3
结尾,HSK7-9
结局,HSK7-9
结晶,HSK7-9
结束,HSK3
结构,HSK4
结果,HSK2
结论,HSK4
结识,HSK7-9
绕,HSK5
绕行,HSK7-9
绘声绘色,HSK7-9
绘画,HSK6
给,HSK1
给予,HSK6
络绎不绝,HSK7-9
绝,HSK6
绝大多数,HSK6
绝对,HSK3
绝技,HSK7-9
绝招,HSK7-9
绝望,HSK5
绝缘,HSK7-9
绞,HSK7-9
统一,HSK4
统治,HSK7-9
统筹,HSK7-9
统统,HSK7-9
统计,HSK4
绣,HSK7-9
继,HSK7-9
继承,HSK5
继母,HSK7-9
继父,HSK7-9
继续,HSK3
继而,HSK7-9
续,HSK7-9
绯闻,HSK7-9
绰号,HSK7-9
绳子,HSK7-9
维修,HSK4
维护,HSK4
维持,HSK4
维生素,HSK6
绷,HSK7-9
绷带,HSK7-9
综上所述,HSK7-9
综合,HSK4
绽放,HSK7-9
绿,HSK2
绿化,HSK6
绿地,HSK7-9
绿灯,HSK7-9
绿色,HSK2
绿茶,HSK3
缅怀,HSK7-9
缆车,HSK7-9
缓,HSK7-9
缓和,HSK7-9
缓慢,HSK7-9
缓缓,HSK7-9
缓解,HSK4
缕,HSK7-9
编,HSK4
编写,HSK7-9
编制,HSK6
编剧,HSK7-9
编号,HSK7-9
编排,HSK7-9
编辑,HSK5
编造,HSK7-9
缘分,HSK7-9
缘故,HSK6
缝,HSK7-9
缝合,HSK7-9
缠,HSK7-9
缤纷,HSK7-9
缩,HSK7-9
缩小,HSK4
缩影,HSK7-9
缩水,HSK7-9
缩短,HSK4
缴,HSK7-9
缴纳,HSK7-9
缴费,HSK7-9
缸,HSK7-9
缺,HSK3
缺乏,HSK5
缺口,HSK7-9
缺失,HSK7-9
缺少,HSK3
缺席,HSK7-9
缺点,HSK3
缺陷,HSK6
罐,HSK7-9
罐头,HSK7-9
网,HSK2
网上,HSK1
网友,HSK1
网吧,HSK6
网址,HSK4
网民,HSK7-9
网点,HSK7-9
网球,HSK2
网站,HSK2
网络,HSK4
网页,HSK6
罕见,HSK7-9
罗,HSK7-9
罚,HSK5
罚款,HSK5
罢了,HSK6
罢休,HSK7-9
罢免,HSK7-9
罢工,HSK6
罩,HSK7-9
罪,HSK6
罪恶,HSK6
罪犯,HSK7-9
罪魁祸首,HSK7-9
置,HSK7-9
羊,HSK3
美,HSK3
美中不足,HSK7-9
美丽,HSK3
美人,HSK7-9
美元,HSK3
美化,HSK7-9
美味,HSK7-9
美女,HSK4
美好,HSK3
美妙,HSK7-9
美容,HSK6
美德,HSK7-9
美景,HSK7-9
美术,HSK3
美滋滋,HSK7-9
美满,HSK7-9
美观,HSK7-9
美金,HSK4
美食,HSK3
羞愧,HSK7-9
羡慕,HSK7-9
群,HSK3
群众,HSK5
群体,HSK5
羽毛球,HSK5
羽绒服,HSK5
翅膀,HSK7-9
翘,HSK7-9
翠绿,HSK7-9
翻,HSK4
翻天覆地,HSK7-9
翻来覆去,HSK7-9
翻番,HSK7-9
翻译,HSK4
耀眼,HSK7-9
老,HSK1
老乡,HSK6
老人,HSK1
老人家,HSK7-9
老伴儿,HSK7-9
老公,HSK4
老化,HSK7-9
老大,HSK7-9
老太太,HSK3
老头儿,HSK3
老婆,HSK4
老字号,HSK7-9
老实,HSK4
老实说,HSK7-9
老家,HSK4
老师,HSK1
老年,HSK2
老是,HSK2
老朋友,HSK2
老板,HSK3
老汉,HSK7-9
老百姓,HSK3
老远,HSK7-9
考,HSK1
考场,HSK6
考察,HSK4
考核,HSK5
考生,HSK2
考虑,HSK4
考试,HSK1
考量,HSK7-9
考题,HSK6
考验,HSK3
者,HSK3
而,HSK4
而且,HSK2
而已,HSK7-9
而是,HSK4
耍,HSK7-9
耍赖,HSK7-9
耐,HSK7-9
耐人寻味,HSK7-9
耐心,HSK5
耐性,HSK7-9
耕地,HSK7-9
耗,HSK7-9
耗时,HSK7-9
耗费,HSK7-9
耳光,HSK7-9
耳朵,HSK5
耳机,HSK4
耳熟能详,HSK7-9
耳目一新,HSK7-9
耳闻目睹,HSK7-9
耸立,HSK7-9
耻笑,HSK7-9
耻辱,HSK7-9
耽搁,HSK7-9
耽误,HSK7-9
耿直,HSK7-9
聊,HSK6
聊天儿,HSK6
聋,HSK7-9
聋人,HSK7-9
职业,HSK3
职业病,HSK7-9
职位,HSK5
职务,HSK5
职员,HSK7-9
职工,HSK3
职权,HSK7-9
职能,HSK5
职责,HSK6
联合,HSK3
联合国,HSK3
联想,HSK5
联手,HSK6
联欢,HSK7-9
联盟,HSK6
联系,HSK3
联络,HSK5
联网,HSK7-9
联赛,HSK6
联邦,HSK7-9
聘,HSK7-9
聘任,HSK7-9
聘用,HSK7-9
聘请,HSK6
聚,HSK4
聚会,HSK4
聚精会神,HSK7-9
聚集,HSK7-9
聪明,HSK5
肇事,HSK7-9
肉,HSK1
肌肉,HSK5
肌肤,HSK7-9
肖像,HSK7-9
肚子,HSK4
肝,HSK6
肝脏,HSK7-9
肠,HSK5
股,HSK6
股东,HSK6
股份,HSK7-9
股市,HSK7-9
股民,HSK7-9
股票,HSK6
肢体,HSK7-9
肥,HSK4
肥料,HSK7-9
肥沃,HSK7-9
肥皂,HSK7-9
肥胖,HSK7-9
肩,HSK5
肩膀,HSK7-9
肩负,HSK7-9
肯,HSK6
肯定,HSK5
肺,HSK6
肾,HSK7-9
肿,HSK6
肿瘤,HSK7-9
胀,HSK7-9
胃,HSK5
胃口,HSK7-9
胆,HSK5
胆子,HSK7-9
胆小,HSK5
胆怯,HSK7-9
背,HSK2
背包,HSK5
背叛,HSK7-9
背后,HSK3
背心,HSK6
背景,HSK4
背着,HSK6
背诵,HSK7-9
背面,HSK7-9
胎,HSK7-9
胎儿,HSK7-9
胖,HSK3
胖子,HSK4
胚胎,HSK7-9
胜,HSK3
胜任,HSK7-9
胜出,HSK7-9
胜利,HSK3
胜负,HSK5
胡同儿,HSK5
胡子,HSK5
胡思乱想,HSK7-9
胡说,HSK7-9
胡闹,HSK7-9
胳膊,HSK7-9
胶囊,HSK7-9
胶带,HSK5
胶水,HSK5
胶片,HSK7-9
胸有成竹,HSK7-9
胸膛,HSK7-9
胸部,HSK4
能,HSK1
能不能,HSK3
能人,HSK7-9
能力,HSK3
能否,HSK6
能够,HSK2
能干,HSK4
能源,HSK7-9
能耐,HSK7-9
能耗,HSK7-9
能量,HSK5
脂肪,HSK7-9
脆,HSK5
脆弱,HSK7-9
脉搏,HSK7-9
脉络,HSK7-9
脊梁,HSK7-9
脏,HSK2
脑子,HSK5
脑海,HSK7-9
脑筋,HSK7-9
脑袋,HSK4
脖子,HSK7-9
脚,HSK2
脚印,HSK6
脚步,HSK5
脱,HSK4
脱口而出,HSK7-9
脱离,HSK5
脱节,HSK7-9
脱落,HSK7-9
脱身,HSK7-9
脱颖而出,HSK7-9
脸,HSK2
脸盆,HSK5
脸色,HSK5
脸颊,HSK7-9
脾,HSK7-9
脾气,HSK5
腊月,HSK7-9
腐化,HSK7-9
腐朽,HSK7-9
腐烂,HSK7-9
腐蚀,HSK7-9
腐败,HSK7-9
腔,HSK7-9
腥,HSK7-9
腰,HSK4
腹泻,HSK7-9
腹部,HSK7-9
腺,HSK7-9
腾,HSK7-9
腿,HSK2
膜,HSK6
膝盖,HSK7-9
膨胀,HSK7-9
膳食,HSK7-9
自,HSK4
自主,HSK3
自从,HSK3
自以为是,HSK7-9
自信,HSK4
自信心,HSK7-9
自力更生,HSK7-9
自动,HSK3
自助,HSK7-9
自卑,HSK7-9
自卫,HSK7-9
自发,HSK7-9
自在,HSK6
自如,HSK7-9
自始至终,HSK7-9
自学,HSK6
自尊,HSK7-9
自尊心,HSK7-9
自己,HSK2
自强不息,HSK7-9
自愿,HSK5
自我,HSK6
自杀,HSK5
自来水,HSK6
自然,HSK3
自然界,HSK7-9
自然而然,HSK7-9
自理,HSK7-9
自由,HSK2
自由自在,HSK7-9
自相矛盾,HSK7-9
自私,HSK7-9
自私自利,HSK7-9
自称,HSK7-9
自立,HSK7-9
自行,HSK7-9
自行车,HSK2
自觉,HSK3
自言自语,HSK6
自豪,HSK5
自负,HSK7-9
自责,HSK7-9
自费,HSK7-9
自身,HSK3
臭,HSK5
至,HSK5
至于,HSK6
至今,HSK3
至关重要,HSK7-9
至少,HSK3
至此,HSK7-9
致,HSK7-9
致使,HSK7-9
致力于,HSK7-9
致命,HSK7-9
致富,HSK7-9
致敬,HSK7-9
致辞,HSK7-9
舅舅,HSK7-9
舆论,HSK7-9
舌头,HSK6
舍不得,HSK5
舍得,HSK5
舒服,HSK2
舒畅,HSK7-9
舒适,HSK4
舔,HSK7-9
舞,HSK5
舞厅,HSK7-9
舞台,HSK3
舞蹈,HSK6
航天,HSK7-9
航天员,HSK7-9
航海,HSK7-9
航班,HSK4
航空,HSK4
航行,HSK7-9
航运,HSK7-9
舱,HSK7-9
舵手,HSK7-9
船,HSK2
船只,HSK6
船员,HSK6
船桨,HSK7-9
船舶,HSK7-9
船长,HSK6
艘,HSK7-9
良,HSK7-9
良好,HSK4
良心,HSK7-9
良性,HSK7-9
艰巨,HSK7-9
艰苦,HSK5
艰苦奋斗,HSK7-9
艰辛,HSK7-9
艰险,HSK7-9
艰难,HSK5
色,HSK4
色彩,HSK4
艳丽,HSK7-9
艺人,HSK6
艺术,HSK3
艾滋病,HSK7-9
节,HSK2
节俭,HSK7-9
节假日,HSK6
节奏,HSK6
节日,HSK2
节气,HSK7-9
节水,HSK7-9
节目,HSK2
节省,HSK4
节约,HSK3
节能,HSK6
节衣缩食,HSK7-9
芝士,HSK7-9
芝麻,HSK7-9
芦花,HSK7-9
芬芳,HSK7-9
芭蕾,HSK7-9
芯片,HSK7-9
花,HSK1
花卉,HSK7-9
花园,HSK2
花样,HSK7-9
花瓣,HSK7-9
花瓶,HSK6
花生,HSK6
花纹,HSK7-9
花费,HSK6
芽,HSK7-9
苍蝇,HSK7-9
苏醒,HSK7-9
苗,HSK7-9
苗头,HSK7-9
苗条,HSK7-9
苛刻,HSK7-9
若,HSK6
若干,HSK7-9
苦,HSK4
苦力,HSK7-9
苦心,HSK7-9
苦恼,HSK7-9
苦笑,HSK7-9
苦练,HSK7-9
苦难,HSK7-9
英俊,HSK7-9
英勇,HSK4
英文,HSK2
英语,HSK2
英镑,HSK7-9
英雄,HSK6
苹果,HSK3
茂密,HSK7-9
茂盛,HSK7-9
范围,HSK3
范畴,HSK7-9
茄子,HSK6
茅台,HSK7-9
茎,HSK7-9
茫然,HSK7-9
茶,HSK1
茶叶,HSK4
茶道,HSK7-9
茶馆儿,HSK7-9
荆棘,HSK7-9
草,HSK2
草原,HSK5
草地,HSK2
草坪,HSK7-9
草案,HSK7-9
荒,HSK7-9
荒凉,HSK7-9
荒诞,HSK7-9
荒谬,HSK7-9
荡漾,HSK7-9
荣幸,HSK7-9
荣获,HSK7-9
荣誉,HSK7-9
荧光,HSK7-9
药,HSK2
药品,HSK6
药店,HSK2
药方,HSK7-9
药材,HSK7-9
药水,HSK2
药片,HSK2
药物,HSK4
荷花,HSK7-9
莫名其妙,HSK7-9
莫过于,HSK7-9
莫非,HSK7-9
莲子,HSK7-9
获,HSK4
获取,HSK4
获奖,HSK4
获得,HSK4
获悉,HSK7-9
获胜,HSK7-9
菊花,HSK7-9
菜,HSK1
菜单,HSK2
菜市场,HSK7-9
菩萨,HSK7-9
萌发,HSK7-9
萌芽,HSK7-9
萍水相逢,HSK7-9
萎缩,HSK7-9
萝卜,HSK7-9
营业,HSK4
营养,HSK3
营救,HSK7-9
营造,HSK7-9
萧条,HSK7-9
落,HSK4
落下,HSK7-9
落后,HSK3
落地,HSK7-9
落实,HSK5
落差,HSK7-9
落户,HSK7-9
著作,HSK4
著名,HSK4
葡萄,HSK5
葡萄酒,HSK5
董事,HSK7-9
董事会,HSK7-9
董事长,HSK7-9
葬,HSK7-9
葬礼,HSK7-9
葱,HSK7-9
蒙,HSK6
蒜,HSK7-9
蒸,HSK7-9
蓝,HSK2
蓝图,HSK7-9
蓝天,HSK6
蓝色,HSK2
蓝领,HSK6
蓬勃,HSK7-9
蔓延,HSK7-9
蔬菜,HSK5
蕴涵,HSK7-9
蕴藏,HSK7-9
薄,HSK4
薄弱,HSK5
薪水,HSK6
薯条,HSK6
薯片,HSK6
藏,HSK6
藏匿,HSK7-9
藏品,HSK7-9
藏身,HSK7-9
藤椅,HSK7-9
蘑菇,HSK7-9
蘸,HSK7-9
虎,HSK5
虐待,HSK7-9
虔诚,HSK7-9
虚,HSK7-9
虚伪,HSK7-9
虚假,HSK7-9
虚幻,HSK7-9
虚弱,HSK7-9
虚心,HSK5
虚拟,HSK7-9
虚构,HSK7-9
虫子,HSK4
虽,HSK6
虽然,HSK2
虽说,HSK7-9
虾,HSK7-9
蚊子,HSK7-9
蚊帐,HSK7-9
蛇,HSK5
蛋,HSK2
蛋白质,HSK7-9
蛋糕,HSK5
蛮,HSK7-9
蜂蜜,HSK7-9
蜜,HSK7-9
蜜月,HSK7-9
蜜蜂,HSK7-9
蜡,HSK7-9
蜡烛,HSK7-9
融,HSK7-9
融入,HSK6
融化,HSK7-9
融合,HSK6
融洽,HSK7-9
螺丝,HSK7-9
蠢,HSK7-9
血,HSK3
血压,HSK7-9
血栓,HSK7-9
血液,HSK6
血管,HSK6
血缘,HSK7-9
血脉,HSK7-9
行,HSK1
行业,HSK4
行为,HSK2
行人,HSK2
行使,HSK7-9
行列,HSK7-9
行动,HSK2
行家,HSK7-9
行情,HSK7-9
行政,HSK7-9
行李,HSK3
行程,HSK6
行走,HSK7-9
行驶,HSK5
衍生,HSK7-9
衔接,HSK7-9
街,HSK2
街头,HSK6
街道,HSK4
衡量,HSK6
衣服,HSK1
衣架,HSK3
衣食住行,HSK7-9
补,HSK3
补习,HSK6
补偿,HSK5
补充,HSK3
补助,HSK6
补救,HSK7-9
补给,HSK7-9
补考,HSK6
补课,HSK6
补贴,HSK5
表,HSK2
表决,HSK7-9
表彰,HSK7-9
表态,HSK7-9
表情,HSK4
表扬,HSK4
表明,HSK3
表格,HSK3
表演,HSK3
表率,HSK7-9
表现,HSK3
表白,HSK7-9
表示,HSK2
表达,HSK3
表述,HSK7-9
表面,HSK3
表面上,HSK6
衬托,HSK7-9
衬衣,HSK3
衬衫,HSK3
衰减,HSK7-9
衰弱,HSK7-9
衰竭,HSK7-9
衰老,HSK7-9
衰退,HSK7-9
衷心,HSK7-9
袋,HSK4
袖手旁观,HSK7-9
袖珍,HSK6
袜子,HSK4
被,HSK3
被动,HSK5
被告,HSK6
被子,HSK3
被捕,HSK7-9
被迫,HSK4
袭击,HSK7-9
裁,HSK7-9
裁决,HSK7-9
裁判,HSK5
裁定,HSK7-9
裂,HSK6
裂痕,HSK7-9
裂缝,HSK7-9
装,HSK2
装修,HSK4
装备,HSK6
装扮,HSK7-9
装置,HSK4
装饰,HSK5
裙子,HSK3
裤子,HSK3
裸,HSK7-9
裸露,HSK7-9
裹,HSK7-9
西,HSK1
西北,HSK2
西医,HSK2
西南,HSK2
西方,HSK2
西班牙语,HSK6
西瓜,HSK4
西红柿,HSK5
西装,HSK5
西边,HSK1
西部,HSK3
西餐,HSK2
要,HSK1
要不,HSK7-9
要不是,HSK7-9
要不然,HSK6
要么,HSK6
要命,HSK7-9
要好,HSK6
要害,HSK7-9
要强,HSK7-9
要是,HSK3
要求,HSK2
要点,HSK7-9
要素,HSK6
要紧,HSK7-9
要领,HSK7-9
覆盖,HSK7-9
见,HSK1
见义勇为,HSK7-9
见仁见智,HSK7-9
见到,HSK2
见外,HSK7-9
见效,HSK7-9
见解,HSK7-9
见证,HSK7-9
见识,HSK7-9
见过,HSK2
见钱眼开,HSK7-9
见面,HSK1
观众,HSK3
观光,HSK6
观察,HSK3
观念,HSK3
观感,HSK7-9
观摩,HSK7-9
观望,HSK7-9
观测,HSK7-9
观点,HSK2
观看,HSK3
观赏,HSK7-9
规划,HSK5
规则,HSK4
规定,HSK3
规律,HSK4
规格,HSK7-9
规模,HSK4
规矩,HSK7-9
规范,HSK3
视为,HSK5
视力,HSK7-9
视察,HSK7-9
视线,HSK7-9
视觉,HSK7-9
视角,HSK7-9
视野,HSK7-9
视频,HSK5
觉,HSK6
觉得,HSK1
觉悟,HSK6
觉醒,HSK7-9
角,HSK2
角度,HSK2
角色,HSK4
角落,HSK7-9
角逐,HSK7-9
解,HSK6
解体,HSK7-9
解决,HSK3
解剖,HSK7-9
解围,HSK7-9
解开,HSK3
解放,HSK5
解救,HSK7-9
解散,HSK7-9
解析,HSK7-9
解答,HSK7-9
解脱,HSK7-9
解说,HSK6
解读,HSK7-9
解释,HSK4
解除,HSK5
解雇,HSK7-9
触动,HSK7-9
触摸,HSK7-9
触犯,HSK7-9
触目惊心,HSK7-9
触觉,HSK7-9
言行,HSK7-9
言论,HSK7-9
言语,HSK5
言辞,HSK7-9
警告,HSK5
警官,HSK7-9
警察,HSK3
警惕,HSK7-9
警车,HSK7-9
警钟,HSK7-9
譬如,HSK7-9
譬如说,HSK7-9
计,HSK7-9
计划,HSK2
计时,HSK7-9
计策,HSK7-9
计算,HSK3
计算机,HSK2
计较,HSK7-9
订,HSK3
订单,HSK7-9
订婚,HSK7-9
订立,HSK7-9
订购,HSK7-9
认,HSK5
认为,HSK2
认出,HSK3
认可,HSK3
认同,HSK6
认定,HSK5
认得,HSK3
认真,HSK1
认知,HSK7-9
认证,HSK7-9
认识,HSK1
认错,HSK7-9
讥笑,HSK7-9
讨,HSK7-9
讨人喜欢,HSK7-9
讨价还价,HSK7-9
讨厌,HSK5
讨好,HSK7-9
讨论,HSK2
让,HSK2
让座,HSK6
让步,HSK7-9
训,HSK7-9
训练,HSK3
议,HSK7-9
议会,HSK7-9
议员,HSK7-9
议程,HSK7-9
议论,HSK4
议题,HSK6
记,HSK1
记住,HSK1
记号,HSK7-9
记录,HSK3
记得,HSK1
记忆,HSK5
记忆犹新,HSK7-9
记者,HSK3
记载,HSK4
讲,HSK2
讲学,HSK7-9
讲座,HSK4
讲究,HSK4
讲解,HSK7-9
讲话,HSK2
讲课,HSK6
讲述,HSK7-9
许,HSK7-9
许可,HSK5
许可证,HSK7-9
许多,HSK2
讹诈,HSK7-9
论坛,HSK7-9
论文,HSK4
论证,HSK7-9
论述,HSK7-9
讽刺,HSK7-9
设,HSK7-9
设备,HSK3
设定,HSK7-9
设想,HSK5
设施,HSK4
设法,HSK7-9
设立,HSK3
设置,HSK4
设计,HSK3
设计师,HSK6
访谈,HSK7-9
访问,HSK3
诀别,HSK7-9
诀窍,HSK7-9
证,HSK3
证书,HSK5
证人,HSK7-9
证件,HSK3
证实,HSK5
证据,HSK3
证明,HSK3
评,HSK6
评价,HSK3
评估,HSK5
评判,HSK7-9
评委,HSK7-9
评定,HSK7-9
评审,HSK7-9
评论,HSK5
评论员,HSK7-9
评选,HSK6
识,HSK6
识别,HSK7-9
识字,HSK6
诈骗,HSK7-9
诉苦,HSK7-9
诉讼,HSK7-9
诉说,HSK7-9
诊所,HSK7-9
诊断,HSK5
词,HSK2
词典,HSK2
词汇,HSK4
词语,HSK2
译,HSK7-9
试,HSK1
试卷,HSK4
试图,HSK5
试探,HSK7-9
试点,HSK6
试用,HSK7-9
试用期,HSK7-9
试行,HSK7-9
试题,HSK3
试验,HSK3
诗,HSK4
诗人,HSK4
诗歌,HSK5
诚信,HSK4
诚实,HSK4
诚心诚意,HSK7-9
诚恳,HSK7-9
诚意,HSK7-9
诚挚,HSK7-9
话,HSK1
话剧,HSK3
话筒,HSK7-9
话语,HSK7-9
话费,HSK7-9
话题,HSK3
诞生,HSK6
诞辰,HSK7-9
询问,HSK5
该,HSK2
详尽,HSK7-9
详细,HSK5
诧异,HSK7-9
语气,HSK7-9
语法,HSK4
语言,HSK2
语音,HSK4
误,HSK6
误会,HSK4
误区,HSK7-9
误导,HSK7-9
误差,HSK7-9
误解,HSK5
诱人,HSK7-9
诱发,HSK7-9
诱惑,HSK7-9
诱饵,HSK7-9
说,HSK1
说不上,HSK7-9
说不定,HSK4
说到底,HSK7-9
说实话,HSK6
说干就干,HSK7-9
说情,HSK7-9
说明,HSK2
说明书,HSK6
说服,HSK4
说法,HSK5
说白了,HSK7-9
说真的,HSK7-9
说老实话,HSK7-9
说话,HSK1
说谎,HSK7-9
说起来,HSK7-9
说道,HSK7-9
说闲话,HSK7-9
请,HSK1
请假,HSK1
请坐,HSK1
请客,HSK2
请帖,HSK7-9
请教,HSK3
请柬,HSK7-9
请求,HSK2
请进,HSK1
请问,HSK1
诸位,HSK6
诸多,HSK7-9
诸如此类,HSK7-9
诺言,HSK7-9
读,HSK1
读书,HSK1
读者,HSK3
读音,HSK2
诽谤,HSK7-9
课,HSK1
课堂,HSK2
课文,HSK1
课本,HSK1
课程,HSK3
课题,HSK5
谁,HSK1
谁知道,HSK7-9
调,HSK3
调侃,HSK7-9
调动,HSK5
调度,HSK7-9
调控,HSK7-9
调整,HSK3
调料,HSK7-9
调查,HSK3
调皮,HSK4
调研,HSK6
调节,HSK5
调解,HSK5
调试,HSK7-9
谅解,HSK7-9
谈,HSK3
谈不上,HSK7-9
谈判,HSK3
谈到,HSK7-9
谈论,HSK7-9
谈话,HSK3
谈起,HSK7-9
谋害,HSK7-9
谋求,HSK7-9
谋生,HSK7-9
谎言,HSK7-9
谎话,HSK7-9
谜,HSK7-9
谜团,HSK7-9
谜底,HSK7-9
谜语,HSK7-9
谢谢,HSK1
谣言,HSK7-9
谦虚,HSK6
谦逊,HSK7-9
谨慎,HSK7-9
谱,HSK7-9
谴责,HSK7-9
豁,HSK7-9
豁出去,HSK7-9
豁达,HSK7-9
豆制品,HSK5
豆子,HSK7-9
豆浆,HSK7-9
豆腐,HSK4
象征,HSK5
豪华,HSK7-9
豹,HSK7-9
贝壳,HSK7-9
负,HSK6
负担,HSK4
负有,HSK7-9
负责,HSK3
负责人,HSK5
负面,HSK7-9
贡献,HSK6
财产,HSK4
财力,HSK7-9
财务,HSK7-9
财富,HSK4
财政,HSK7-9
财物,HSK7-9
财经,HSK7-9
责任,HSK3
责备,HSK7-9
责怪,HSK7-9
败,HSK4
账,HSK6
账单,HSK7-9
账号,HSK7-9
账户,HSK6
货,HSK4
货币,HSK7-9
货物,HSK7-9
货车,HSK7-9
货运,HSK7-9
质地,HSK7-9
质朴,HSK7-9
质疑,HSK7-9
质量,HSK4
质问,HSK7-9
贩卖,HSK7-9
贪,HSK7-9
贪婪,HSK7-9
贪污,HSK7-9
贪玩儿,HSK7-9
贫困,HSK6
贫富,HSK7-9
贫穷,HSK7-9
贬值,HSK7-9
购,HSK7-9
购买,HSK4
购物,HSK4
贮藏,HSK7-9
贯彻,HSK7-9
贯穿,HSK7-9
贯通,HSK7-9
贱,HSK7-9
贴,HSK4
贴切,HSK7-9
贴近,HSK7-9
贵,HSK1
贵宾,HSK7-9
贵族,HSK7-9
贵重,HSK7-9
贷款,HSK5
贸易,HSK5
费,HSK3
费劲,HSK7-9
费用,HSK3
贺信,HSK7-9
贺卡,HSK5
贺电,HSK7-9
贼,HSK7-9
贿赂,HSK7-9
资产,HSK5
资助,HSK5
资历,HSK7-9
资料,HSK4
资本,HSK5
资本主义,HSK7-9
资格,HSK3
资深,HSK7-9
资源,HSK4
资讯,HSK7-9
资金,HSK3
赋予,HSK7-9
赌,HSK6
赌博,HSK6
赎,HSK7-9
赏,HSK4
赐,HSK7-9
赐教,HSK7-9
赔,HSK5
赔偿,HSK5
赔钱,HSK7-9
赖,HSK6
赚,HSK6
赚钱,HSK6
赛,HSK6
赛场,HSK6
赛跑,HSK7-9
赛车,HSK7-9
赞不绝口,HSK7-9
赞助,HSK4
赞叹,HSK7-9
赞叹不已,HSK7-9
赞同,HSK7-9
赞成,HSK4
赞扬,HSK7-9
赞美,HSK7-9
赞许,HSK7-9
赞赏,HSK4
赠,HSK5
赠送,HSK5
赡养,HSK7-9
赢,HSK3
赢家,HSK7-9
赢得,HSK4
赤字,HSK7-9
赫然,HSK7-9
走,HSK1
走后门,HSK7-9
走廊,HSK7-9
走开,HSK2
走弯路,HSK7-9
走投无路,HSK7-9
走私,HSK6
走路,HSK1
走过,HSK2
走过场,HSK7-9
走近,HSK7-9
走进,HSK2
赴,HSK7-9
赶,HSK3
赶上,HSK6
赶不上,HSK6
赶到,HSK3
赶往,HSK7-9
赶忙,HSK6
赶快,HSK3
赶紧,HSK3
赶赴,HSK7-9
起,HSK1
起伏,HSK7-9
起初,HSK7-9
起到,HSK5
起劲,HSK7-9
起床,HSK1
起来,HSK1
起步,HSK7-9
起源,HSK7-9
起点,HSK6
起码,HSK5
起程,HSK7-9
起草,HSK7-9
起诉,HSK6
起跑线,HSK7-9
起飞,HSK2
趁,HSK7-9
趁早,HSK7-9
趁机,HSK7-9
趁着,HSK7-9
超,HSK6
超出,HSK6
超前,HSK7-9
超市,HSK2
超标,HSK7-9
超级,HSK3
超越,HSK5
超车,HSK7-9
超过,HSK2
超速,HSK7-9
越,HSK2
越发,HSK7-9
越来越,HSK2
越过,HSK7-9
趋于,HSK7-9
趋势,HSK4
趟,HSK6
趣味,HSK7-9
足,HSK6
足以,HSK6
足够,HSK3
足智多谋,HSK7-9
足球,HSK3
足迹,HSK7-9
趴,HSK7-9
跌,HSK6
跑,HSK1
跑步,HSK3
跑车,HSK7-9
跑道,HSK7-9
跑龙套,HSK7-9
距,HSK7-9
距离,HSK4
跟,HSK1
跟上,HSK7-9
跟不上,HSK7-9
跟前,HSK5
跟踪,HSK7-9
跟随,HSK5
跨,HSK6
跨国,HSK7-9
跨越,HSK7-9
跪,HSK6
路,HSK1
路上,HSK1
路人,HSK7-9
路况,HSK7-9
路口,HSK1
路子,HSK7-9
路段,HSK7-9
路灯,HSK7-9
路程,HSK7-9
路线,HSK3
路边,HSK2
路过,HSK6
路途,HSK7-9
路面,HSK7-9
跳,HSK3
跳伞,HSK7-9
跳动,HSK7-9
跳槽,HSK7-9
跳水,HSK6
跳舞,HSK3
跳跃,HSK7-9
跳远,HSK3
跳高,HSK3
踊跃,HSK7-9
踏,HSK6
踏上,HSK7-9
踏实,HSK6
踢,HSK6
踩,HSK6
踹,HSK7-9
蹦,HSK7-9
蹬,HSK7-9
蹭,HSK7-9
蹲,HSK6
身上,HSK1
身不由己,HSK7-9
身价,HSK7-9
身份,HSK4
身份证,HSK3
身体,HSK1
身子,HSK7-9
身影,HSK7-9
身心,HSK7-9
身材,HSK4
身躯,HSK7-9
身边,HSK2
身高,HSK4
躲,HSK5
躲藏,HSK7-9
躲避,HSK7-9
躺,HSK4
车,HSK1
车上,HSK1
车主,HSK5
车位,HSK7-9
车厢,HSK7-9
车号,HSK6
车型,HSK7-9
车展,HSK6
车牌,HSK6
车票,HSK1
车祸,HSK7-9
车站,HSK1
车轮,HSK7-9
车轴,HSK7-9
车辆,HSK2
车速,HSK7-9
车道,HSK7-9
车间,HSK7-9
轨迹,HSK7-9
轨道,HSK6
转,HSK3
转交,HSK7-9
转动,HSK4
转化,HSK5
转变,HSK3
转向,HSK5
转告,HSK4
转型,HSK7-9
转学,HSK7-9
转弯,HSK4
转悠,HSK7-9
转折,HSK7-9
转折点,HSK7-9
转换,HSK5
转播,HSK7-9
转机,HSK7-9
转眼,HSK7-9
转移,HSK4
转让,HSK5
转身,HSK4
转载,HSK7-9
转达,HSK7-9
轮,HSK4
轮子,HSK4
轮廓,HSK7-9
轮换,HSK7-9
轮椅,HSK4
轮流,HSK7-9
轮胎,HSK7-9
轮船,HSK4
软,HSK5
软件,HSK5
软实力,HSK7-9
软弱,HSK7-9
轰,HSK7-9
轰动,HSK7-9
轰炸,HSK7-9
轻,HSK2
轻型,HSK7-9
轻微,HSK7-9
轻易,HSK4
轻松,HSK4
轻而易举,HSK7-9
轻蔑,HSK7-9
载体,HSK7-9
轿车,HSK7-9
较,HSK3
较劲,HSK7-9
较量,HSK7-9
辅助,HSK5
辅导,HSK7-9
辆,HSK2
辈,HSK5
辉煌,HSK7-9
辐射,HSK7-9
输,HSK3
输入,HSK3
输出,HSK5
输家,HSK7-9
输液,HSK7-9
输血,HSK7-9
输送,HSK7-9
辛勤,HSK7-9
辛苦,HSK5
辛酸,HSK7-9
辜负,HSK7-9
辞,HSK7-9
辞典,HSK5
辞去,HSK7-9
辞呈,HSK7-9
辞职,HSK5
辞退,HSK7-9
辣,HSK4
辣椒,HSK7-9
辨别,HSK7-9
辨认,HSK7-9
辩,HSK7-9
辩护,HSK7-9
辩解,HSK7-9
辩论,HSK4
辫子,HSK7-9
边,HSK2
边境,HSK5
边界,HSK7-9
边疆,HSK7-9
边缘,HSK6
边远,HSK7-9
辽阔,HSK7-9
达到,HSK3
达成,HSK5
达标,HSK7-9
迁,HSK7-9
迁就,HSK7-9
迁移,HSK7-9
迄今,HSK7-9
迄今为止,HSK7-9
迅速,HSK4
过,HSK1
过不去,HSK7-9
过于,HSK5
过关,HSK7-9
过分,HSK4
过剩,HSK7-9
过半,HSK7-9
过去,HSK2
过后,HSK6
过境,HSK7-9
过失,HSK7-9
过头,HSK7-9
过奖,HSK7-9
过年,HSK2
过度,HSK5
过往,HSK7-9
过意不去,HSK7-9
过敏,HSK5
过日子,HSK7-9
过早,HSK7-9
过时,HSK6
过期,HSK7-9
过来,HSK2
过渡,HSK6
过滤,HSK7-9
过瘾,HSK7-9
过硬,HSK7-9
过程,HSK3
过节,HSK7-9
过道,HSK7-9
过错,HSK7-9
迈,HSK7-9
迈进,HSK7-9
迎,HSK7-9
迎合,HSK7-9
迎接,HSK3
迎来,HSK6
运,HSK5
运作,HSK6
运动,HSK2
运动会,HSK4
运动员,HSK4
运气,HSK4
运河,HSK7-9
运用,HSK4
运营,HSK7-9
运行,HSK5
运转,HSK7-9
运输,HSK3
运送,HSK7-9
近,HSK2
近代,HSK4
近年来,HSK7-9
近日,HSK6
近期,HSK3
近来,HSK5
近视,HSK6
返回,HSK5
返还,HSK7-9
还,HSK1
还原,HSK7-9
还是,HSK1
还有,HSK1
还款,HSK7-9
这,HSK1
这么,HSK2
这些,HSK1
这会儿,HSK7-9
这儿,HSK1
这就是说,HSK6
这时,HSK2
这时候,HSK2
这样,HSK2
这样一来,HSK7-9
这边,HSK1
这里,HSK1
进,HSK1
进一步,HSK3
进修,HSK7-9
进入,HSK2
进出,HSK7-9
进出口,HSK7-9
进化,HSK5
进去,HSK1
进口,HSK4
进场,HSK7-9
进展,HSK3
进度,HSK7-9
进攻,HSK6
进来,HSK1
进步,HSK3
进程,HSK7-9
进而,HSK7-9
进行,HSK2
远,HSK1
远处,HSK5
远方,HSK6
远离,HSK6
远程,HSK7-9
远见,HSK7-9
远近闻名,HSK7-9
远远,HSK6
违反,HSK5
违法,HSK5
违章,HSK7-9
违约,HSK7-9
违背,HSK7-9
违规,HSK5
连,HSK3
连任,HSK7-9
连夜,HSK7-9
连忙,HSK3
连接,HSK5
连滚带爬,HSK7-9
连续,HSK3
连续剧,HSK3
连绵,HSK7-9
连锁,HSK7-9
连锁店,HSK7-9
迟,HSK5
迟到,HSK4
迟早,HSK7-9
迟疑,HSK7-9
迟迟,HSK7-9
迫不及待,HSK7-9
迫使,HSK7-9
迫切,HSK4
迫害,HSK7-9
迭起,HSK7-9
迷,HSK3
迷人,HSK5
迷信,HSK5
迷失,HSK7-9
迷恋,HSK7-9
迷惑,HSK7-9
迷惑不解,HSK7-9
迷路,HSK7-9
迹象,HSK7-9
追,HSK3
追尾,HSK7-9
追悼会,HSK7-9
追求,HSK4
追溯,HSK7-9
追究,HSK6
追赶,HSK7-9
追踪,HSK7-9
追逐,HSK7-9
追问,HSK7-9
追随,HSK7-9
退,HSK3
退休,HSK3
退休金,HSK7-9
退出,HSK3
退却,HSK7-9
退回,HSK7-9
退学,HSK7-9
退役,HSK7-9
退票,HSK6
退缩,HSK7-9
退让,HSK7-9
送,HSK1
送别,HSK7-9
送到,HSK2
送礼,HSK6
送给,HSK2
送行,HSK6
适合,HSK3
适宜,HSK7-9
适应,HSK3
适度,HSK7-9
适当,HSK6
适时,HSK7-9
适用,HSK3
适量,HSK7-9
逃,HSK5
逃亡,HSK7-9
逃生,HSK7-9
逃走,HSK5
逃跑,HSK5
逃避,HSK7-9
逆,HSK7-9
选,HSK2
选举,HSK6
选修,HSK5
选手,HSK3
选拔,HSK6
选择,HSK4
选民,HSK7-9
选用,HSK7-9
选项,HSK7-9
逊色,HSK7-9
透,HSK4
透彻,HSK7-9
透支,HSK7-9
透明,HSK4
透气,HSK7-9
透过,HSK7-9
透露,HSK6
逐年,HSK7-9
逐步,HSK4
逐渐,HSK4
递,HSK5
递交,HSK7-9
递给,HSK5
途中,HSK4
途径,HSK6
逗,HSK7-9
通,HSK2
通俗,HSK7-9
通信,HSK3
通告,HSK7-9
通宵,HSK7-9
通常,HSK3
通往,HSK7-9
通报,HSK6
通用,HSK5
通畅,HSK7-9
通知,HSK2
通知书,HSK4
通红,HSK6
通缉,HSK7-9
通行,HSK6
通行证,HSK7-9
通讯,HSK6
通话,HSK6
通车,HSK7-9
通过,HSK2
通通,HSK7-9
通道,HSK6
通顺,HSK7-9
通风,HSK7-9
逛,HSK4
逝世,HSK7-9
逞强,HSK7-9
逞能,HSK7-9
速度,HSK3
造,HSK3
造价,HSK7-9
造假,HSK7-9
造型,HSK4
造就,HSK7-9
造成,HSK3
造福,HSK7-9
造纸术,HSK7-9
逢,HSK7-9
逮,HSK7-9
逮捕,HSK7-9
逻辑,HSK5
逼,HSK6
逼真,HSK7-9
逼近,HSK7-9
逼迫,HSK7-9
逾期,HSK7-9
遂心,HSK7-9
遇,HSK4
遇上,HSK7-9
遇到,HSK4
遇见,HSK4
遇险,HSK7-9
遇难,HSK7-9
遍,HSK2
遍地,HSK6
遍布,HSK7-9
遏制,HSK7-9
道,HSK2
道具,HSK7-9
道德,HSK5
道教,HSK6
道歉,HSK6
道理,HSK2
道路,HSK2
遗产,HSK4
遗传,HSK4
遗体,HSK7-9
遗嘱,HSK7-9
遗址,HSK7-9
遗弃,HSK7-9
遗忘,HSK7-9
遗愿,HSK7-9
遗憾,HSK6
遗物,HSK7-9
遗留,HSK7-9
遛,HSK7-9
遥控,HSK7-9
遥远,HSK7-9
遭到,HSK6
遭受,HSK6
遭殃,HSK7-9
遭遇,HSK6
遮,HSK7-9
遮盖,HSK7-9
遵守,HSK5
遵循,HSK7-9
遵照,HSK7-9
避,HSK4
避免,HSK4
避暑,HSK7-9
避难,HSK7-9
邀,HSK7-9
邀请,HSK5
那,HSK1
那么,HSK2
那些,HSK1
那会儿,HSK2
那儿,HSK1
那时,HSK2
那时候,HSK2
那样,HSK2
那边,HSK1
那里,HSK1
邪,HSK7-9
邪恶,HSK7-9
邮件,HSK3
邮局,HSK4
邮政,HSK7-9
邮票,HSK3
邮箱,HSK3
邮编,HSK7-9
邻国,HSK7-9
邻居,HSK5
郊区,HSK5
郊外,HSK7-9
郊游,HSK7-9
郑重,HSK7-9
部,HSK3
部件,HSK7-9
部位,HSK5
部分,HSK2
部署,HSK7-9
部长,HSK3
部门,HSK3
部队,HSK6
都,HSK1
都会,HSK7-9
都市,HSK6
鄙视,HSK7-9
酌情,HSK7-9
配,HSK3
配件,HSK7-9
配偶,HSK7-9
配合,HSK3
配备,HSK5
配套,HSK5
配置,HSK6
配送,HSK7-9
配音,HSK7-9
酒,HSK2
酒吧,HSK4
酒店,HSK2
酒楼,HSK7-9
酒水,HSK6
酒精,HSK7-9
酒鬼,HSK5
酗酒,HSK7-9
酝酿,HSK7-9
酣畅,HSK7-9
酣睡,HSK7-9
酥,HSK7-9
酱,HSK6
酱油,HSK6
酷,HSK6
酷似,HSK7-9
酸,HSK4
酸奶,HSK4
酸甜苦辣,HSK5
酿造,HSK7-9
醇厚,HSK7-9
醉,HSK5
醋,HSK6
醒,HSK4
醒悟,HSK7-9
醒来,HSK7-9
醒目,HSK7-9
采,HSK7-9
采取,HSK3
采用,HSK3
采矿,HSK7-9
采纳,HSK6
采访,HSK4
采购,HSK5
采集,HSK7-9
释放,HSK7-9
里,HSK1
里头,HSK2
里程碑,HSK7-9
里边,HSK1
里面,HSK3
重,HSK1
重中之重,HSK7-9
重任,HSK7-9
重伤,HSK7-9
重创,HSK7-9
重叠,HSK7-9
重合,HSK7-9
重型,HSK7-9
重复,HSK2
重大,HSK3
重建,HSK6
重心,HSK7-9
重播,HSK7-9
重新,HSK2
重点,HSK2
重现,HSK7-9
重申,HSK7-9
重组,HSK6
重要,HSK1
重视,HSK2
重返,HSK7-9
重量,HSK4
重量级,HSK7-9
野,HSK6
野兽,HSK7-9
野外,HSK7-9
野心,HSK7-9
野炊,HSK7-9
野生,HSK6
野营,HSK7-9
野蛮,HSK7-9
野餐,HSK7-9
量,HSK4
金,HSK3
金子,HSK7-9
金字塔,HSK7-9
金属,HSK7-9
金牌,HSK3
金融,HSK6
金钱,HSK6
金额,HSK6
鉴于,HSK7-9
鉴别,HSK7-9
鉴定,HSK6
鉴赏,HSK7-9
针,HSK4
针对,HSK4
针灸,HSK7-9
针锋相对,HSK7-9
钉,HSK7-9
钉子,HSK7-9
钓鱼,HSK7-9
钙,HSK7-9
钞票,HSK7-9
钟,HSK3
钟头,HSK6
钢,HSK7-9
钢琴,HSK5
钢笔,HSK5
钥匙,HSK7-9
钦佩,HSK7-9
钩,HSK7-9
钩子,HSK7-9
钱,HSK1
钱包,HSK1
钱财,HSK7-9
钳子,HSK7-9
钻,HSK6
钻石,HSK7-9
钻研,HSK7-9
钻空子,HSK7-9
铁,HSK3
铁路,HSK3
铃,HSK5
铃声,HSK5
铅,HSK7-9
铅笔,HSK6
铜,HSK7-9
铜牌,HSK6
铝,HSK7-9
铭记,HSK7-9
铲,HSK7-9
铲子,HSK7-9
银,HSK3
银幕,HSK7-9
银牌,HSK3
银行,HSK2
银行卡,HSK2
铸造,HSK7-9
铺,HSK6
铺路,HSK7-9
销,HSK7-9
销售,HSK4
销毁,HSK7-9
销量,HSK7-9
锁,HSK5
锁定,HSK7-9
锅,HSK5
锈,HSK7-9
错,HSK1
错位,HSK7-9
错别字,HSK7-9
错综复杂,HSK7-9
错觉,HSK7-9
错误,HSK3
错过,HSK6
锡,HSK7-9
锤子,HSK7-9
锦旗,HSK7-9
键,HSK5
键盘,HSK5
锯,HSK7-9
锻炼,HSK4
镇,HSK6
镇定,HSK7-9
镜头,HSK4
镜子,HSK4
镶,HSK7-9
镶嵌,HSK7-9
长,HSK2
长久,HSK6
长假,HSK6
长城,HSK3
长处,HSK3
长大,HSK2
长寿,HSK5
长度,HSK5
长征,HSK7-9
长效,HSK7-9
长期,HSK3
长期以来,HSK7-9
长相,HSK7-9
长短,HSK6
长足,HSK7-9
长跑,HSK6
长辈,HSK7-9
长达,HSK7-9
长远,HSK6
长途,HSK4
门,HSK1
门口,HSK1
门当户对,HSK7-9
门槛,HSK7-9
门票,HSK1
门诊,HSK5
门路,HSK7-9
门铃,HSK7-9
闪,HSK4
闪烁,HSK7-9
闪电,HSK4
闭,HSK6
闭幕,HSK5
闭幕式,HSK5
问,HSK1
问世,HSK7-9
问候,HSK4
问卷,HSK7-9
问路,HSK2
问题,HSK2
闯,HSK5
闲,HSK5
间,HSK1
间接,HSK5
间断,HSK7-9
间谍,HSK7-9
间隔,HSK7-9
间隙,HSK7-9
闷,HSK7-9
闸,HSK7-9
闹,HSK4
闹事,HSK7-9
闹着玩儿,HSK7-9
闹钟,HSK4
闺女,HSK7-9
闻,HSK2
闻名,HSK7-9
阀门,HSK7-9
阅历,HSK7-9
阅览室,HSK5
阅读,HSK4
阎王,HSK7-9
阐述,HSK7-9
阔,HSK6
阔绰,HSK7-9
队,HSK2
队伍,HSK6
队员,HSK3
队形,HSK7-9
队长,HSK2
防,HSK3
防卫,HSK7-9
防守,HSK6
防御,HSK7-9
防护,HSK7-9
防止,HSK3
防汛,HSK7-9
防治,HSK5
防火墙,HSK7-9
防疫,HSK7-9
防盗,HSK7-9
防盗门,HSK7-9
防范,HSK6
阳光,HSK3
阳台,HSK4
阳性,HSK7-9
阴,HSK2
阴天,HSK2
阴影,HSK6
阴性,HSK7-9
阴暗,HSK7-9
阴谋,HSK6
阵,HSK4
阵容,HSK7-9
阵营,HSK7-9
阶层,HSK7-9
阶梯,HSK7-9
阶段,HSK4
阶级,HSK7-9
阻力,HSK7-9
阻拦,HSK7-9
阻挠,HSK7-9
阻挡,HSK7-9
阻止,HSK4
阻碍,HSK5
阿姨,HSK4
阿拉伯语,HSK7-9
附,HSK7-9
附件,HSK5
附加,HSK7-9
附和,HSK7-9
附属,HSK7-9
附带,HSK7-9
附近,HSK4
陆军,HSK6
陆地,HSK4
陆续,HSK4
陈列,HSK7-9
陈旧,HSK7-9
陈述,HSK7-9
陌生,HSK7-9
降,HSK4
降临,HSK7-9
降价,HSK4
降低,HSK4
降温,HSK4
降落,HSK4
限,HSK7-9
限于,HSK7-9
限制,HSK4
限定,HSK7-9
限度,HSK7-9
陡,HSK7-9
院,HSK2
院士,HSK7-9
院子,HSK2
院长,HSK2
除,HSK6
除了,HSK3
除去,HSK7-9
除夕,HSK5
除外,HSK7-9
除此之外,HSK7-9
除非,HSK5
陨石,HSK7-9
险,HSK6
陪,HSK5
陪伴,HSK7-9
陪同,HSK6
陪葬,HSK7-9
陶冶,HSK7-9
陶瓷,HSK7-9
陶醉,HSK7-9
陷,HSK7-9
陷入,HSK6
陷阱,HSK7-9
隆重,HSK7-9
随,HSK3
随便,HSK2
随即,HSK7-9
随后,HSK5
随处可见,HSK7-9
随大溜,HSK7-9
随心所欲,HSK7-9
随意,HSK5
随手,HSK4
随时,HSK2
随时随地,HSK7-9
随机,HSK7-9
随着,HSK5
随身,HSK7-9
隐形,HSK7-9
隐性,HSK7-9
隐患,HSK7-9
隐情,HSK7-9
隐瞒,HSK7-9
隐私,HSK6
隐约,HSK7-9
隐蔽,HSK7-9
隐藏,HSK6
隐身,HSK7-9
隔,HSK4
隔壁,HSK5
隔开,HSK4
隔离,HSK7-9
隔阂,HSK7-9
障碍,HSK6
隧道,HSK7-9
难,HSK1
难为情,HSK7-9
难以,HSK5
难以想象,HSK7-9
难以置信,HSK7-9
难免,HSK4
难关,HSK7-9
难受,HSK2
难听,HSK2
难堪,HSK7-9
难处,HSK7-9
难度,HSK3
难得,HSK5
难得一见,HSK7-9
难忘,HSK6
难怪,HSK7-9
难点,HSK7-9
难看,HSK2
难说,HSK7-9
难过,HSK2
难道,HSK3
难题,HSK2
雄伟,HSK5
雄厚,HSK7-9
集,HSK6
集中,HSK3
集会,HSK7-9
集体,HSK3
集合,HSK4
集团,HSK5
集结,HSK7-9
集装箱,HSK7-9
集资,HSK7-9
集邮,HSK7-9
雇,HSK7-9
雇主,HSK7-9
雇佣,HSK7-9
雇员,HSK7-9
雕,HSK7-9
雕刻,HSK7-9
雕塑,HSK7-9
雨,HSK1
雨水,HSK5
雨衣,HSK6
雪,HSK2
雪上加霜,HSK7-9
雪山,HSK7-9
零,HSK1
零下,HSK2
零件,HSK7-9
零售,HSK7-9
零花钱,HSK7-9
零钱,HSK7-9
零食,HSK4
雷同,HSK7-9
雾,HSK7-9
需,HSK7-9
需求,HSK3
需要,HSK3
震,HSK7-9
震动,HSK7-9
震惊,HSK5
震撼,HSK7-9
霍乱,HSK7-9
霜,HSK7-9
露,HSK6
露天,HSK7-9
露面,HSK7-9
霸占,HSK7-9
青,HSK5
青少年,HSK2
青年,HSK2
青春,HSK4
青春期,HSK7-9
青蛙,HSK7-9
静,HSK3
静止,HSK7-9
非,HSK4
非凡,HSK7-9
非常,HSK1
非得,HSK7-9
非法,HSK7-9
靠,HSK2
靠拢,HSK7-9
靠近,HSK5
面,HSK2
面临,HSK4
面前,HSK2
面包,HSK1
面向,HSK6
面子,HSK5
面对,HSK3
面对面,HSK6
面条儿,HSK1
面目全非,HSK7-9
面积,HSK3
面粉,HSK7-9
面红耳赤,HSK7-9
面试,HSK4
面貌,HSK5
面部,HSK7-9
面面俱到,HSK7-9
革命,HSK7-9
革新,HSK6
靴子,HSK7-9
靶子,HSK7-9
鞋,HSK2
鞠躬,HSK7-9
鞭炮,HSK7-9
鞭策,HSK7-9
韧性,HSK7-9
音乐,HSK2
音乐会,HSK2
音像,HSK6
音响,HSK7-9
音节,HSK2
音量,HSK6
韵味,HSK7-9
页,HSK1
顶,HSK4
顶多,HSK7-9
顶尖,HSK7-9
顶级,HSK7-9
项,HSK4
项目,HSK4
项链,HSK7-9
顺,HSK6
顺从,HSK7-9
顺便,HSK7-9
顺其自然,HSK7-9
顺利,HSK2
顺势,HSK7-9
顺差,HSK7-9
顺序,HSK4
顺应,HSK7-9
顺心,HSK7-9
顺手,HSK7-9
顺理成章,HSK7-9
顺畅,HSK7-9
顺着,HSK7-9
顺路,HSK7-9
须,HSK7-9
顽固,HSK7-9
顽强,HSK6
顽皮,HSK6
顾,HSK6
顾不上,HSK7-9
顾不得,HSK7-9
顾全大局,HSK7-9
顾及,HSK7-9
顾客,HSK2
顾虑,HSK7-9
顾问,HSK5
顿,HSK3
顿时,HSK7-9
颁发,HSK7-9
颁奖,HSK7-9
颁布,HSK7-9
预习,HSK3
预兆,HSK7-9
预先,HSK7-9
预告,HSK7-9
预售,HSK7-9
预备,HSK5
预定,HSK7-9
预感,HSK7-9
预报,HSK3
预料,HSK7-9
预期,HSK5
预测,HSK4
预示,HSK7-9
预算,HSK7-9
预约,HSK6
预见,HSK7-9
预言,HSK7-9
预计,HSK3
预订,HSK4
预赛,HSK7-9
预防,HSK3
领,HSK3
领事,HSK7-9
领事馆,HSK7-9
领会,HSK7-9
领先,HSK3
领养,HSK7-9
领军,HSK7-9
领取,HSK6
领土,HSK7-9
领域,HSK7-9
领导,HSK3
领带,HSK5
领悟,HSK7-9
领略,HSK7-9
领袖,HSK6
领队,HSK7-9
颇,HSK7-9
颈部,HSK7-9
频率,HSK7-9
频繁,HSK5
频道,HSK5
频频,HSK7-9
颓废,HSK7-9
颗,HSK5
题,HSK2
题材,HSK5
题目,HSK3
颜色,HSK2
额外,HSK7-9
颠倒,HSK7-9
颠覆,HSK7-9
颤抖,HSK7-9
风,HSK1
风云,HSK7-9
风俗,HSK4
风光,HSK5
风力,HSK7-9
风味,HSK7-9
风和日丽,HSK7-9
风尚,HSK7-9
风度,HSK5
风情,HSK7-9
风景,HSK4
风暴,HSK6
风格,HSK4
风气,HSK7-9
风水,HSK7-9
风沙,HSK7-9
风波,HSK7-9
风流,HSK7-9
风浪,HSK7-9
风筝,HSK7-9
风范,HSK7-9
风貌,HSK7-9
风趣,HSK7-9
风采,HSK7-9
风险,HSK3
风雨,HSK7-9
风风雨雨,HSK7-9
风餐露宿,HSK7-9
飘,HSK7-9
飙升,HSK7-9
飞,HSK1
飞往,HSK7-9
飞机,HSK1
飞翔,HSK7-9
飞船,HSK6
飞行,HSK3
飞行员,HSK6
飞跃,HSK7-9
飞速,HSK7-9
食品,HSK3
食堂,HSK4
食宿,HSK7-9
食欲,HSK6
食物,HSK2
食用,HSK7-9
餐,HSK6
餐厅,HSK5
餐桌,HSK7-9
餐饮,HSK5
餐馆,HSK5
饥饿,HSK7-9
饭,HSK1
饭店,HSK1
饭碗,HSK7-9
饭馆,HSK2
饮料,HSK5
饮水,HSK7-9
饮用水,HSK7-9
饮食,HSK5
饱,HSK2
饱和,HSK7-9
饱满,HSK7-9
饲养,HSK7-9
饲料,HSK7-9
饶,HSK7-9
饶恕,HSK7-9
饺子,HSK2
饼,HSK5
饼干,HSK5
饿,HSK1
馅儿,HSK7-9
馋,HSK7-9
馒头,HSK6
首,HSK4
首先,HSK3
首创,HSK7-9
首席,HSK6
首府,HSK7-9
首批,HSK7-9
首次,HSK6
首相,HSK6
首脑,HSK6
首要,HSK7-9
首都,HSK3
首饰,HSK7-9
香,HSK3
香味,HSK7-9
香料,HSK7-9
香水,HSK7-9
香油,HSK7-9
香烟,HSK7-9
香肠,HSK5
香蕉,HSK3
马,HSK3
马上,HSK1
马力,HSK7-9
马后炮,HSK7-9
马戏,HSK7-9
马桶,HSK7-9
马虎,HSK7-9
马路,HSK1
马车,HSK6
驮,HSK7-9
驯,HSK7-9
驰名,HSK7-9
驱动,HSK7-9
驱逐,HSK7-9
驳回,HSK7-9
驻,HSK6
驾,HSK7-9
驾照,HSK5
驾车,HSK7-9
驾驭,HSK7-9
驾驶,HSK5
骂,HSK5
骄傲,HSK6
骇人听闻,HSK7-9
验,HSK7-9
验收,HSK7-9
验证,HSK7-9
骏马,HSK7-9
骑,HSK2
骑车,HSK2
骗,HSK5
骗人,HSK7-9
骗子,HSK5
骚乱,HSK7-9
骚扰,HSK7-9
骤然,HSK7-9
骨头,HSK4
骨干,HSK7-9
骨折,HSK7-9
骨气,HSK7-9
高,HSK1
高中,HSK2
高于,HSK5
高价,HSK4
高低,HSK7-9
高傲,HSK7-9
高兴,HSK1
高压,HSK7-9
高原,HSK5
高大,HSK5
高尔夫球,HSK7-9
高尚,HSK4
高层,HSK6
高山,HSK7-9
高峰,HSK6
高峰期,HSK7-9
高度,HSK5
高手,HSK6
高效,HSK7-9
高新技术,HSK7-9
高昂,HSK7-9
高明,HSK7-9
高档,HSK6
高涨,HSK7-9
高温,HSK5
高潮,HSK4
高科技,HSK6
高空,HSK7-9
高等,HSK6
高级,HSK2
高考,HSK6
高血压,HSK7-9
高调,HSK7-9
高贵,HSK7-9
高超,HSK7-9
高跟鞋,HSK5
高速,HSK3
高速公路,HSK3
高铁,HSK4
高雅,HSK7-9
高额,HSK7-9
高龄,HSK7-9
鬼,HSK5
魂,HSK7-9
魄力,HSK7-9
魅力,HSK7-9
魔术,HSK7-9
魔鬼,HSK7-9
鱼,HSK2
鲁莽,HSK7-9
鲜,HSK4
鲜明,HSK4
鲜活,HSK7-9
鲜美,HSK7-9
鲜艳,HSK5
鲜花,HSK4
鲜血,HSK7-9
鲨鱼,HSK7-9
鳄鱼,HSK7-9
鸟,HSK2
鸟巢,HSK7-9
鸡,HSK2
鸡蛋,HSK1
鸦雀无声,HSK7-9
鸭子,HSK5
鸽子,HSK7-9
鹅,HSK7-9
鹏程万里,HSK7-9
鹤立鸡群,HSK7-9
鹰,HSK7-9
鹿,HSK7-9
麻,HSK7-9
麻将,HSK7-9
麻木,HSK7-9
麻烦,HSK3
麻痹,HSK7-9
麻辣,HSK7-9
麻醉,HSK7-9
黄,HSK2
黄昏,HSK7-9
黄瓜,HSK4
黄色,HSK2
黄金,HSK4
黎明,HSK7-9
黏,HSK7-9
黑,HSK2
黑夜,HSK6
黑客,HSK7-9
黑心,HSK7-9
黑手,HSK7-9
黑暗,HSK4
黑板,HSK2
黑白,HSK7-9
黑色,HSK2
黑马,HSK7-9
默契,HSK7-9
默读,HSK7-9
默默,HSK4
默默无闻,HSK7-9
鼓,HSK5
鼓动,HSK7-9
鼓励,HSK5
鼓掌,HSK5
鼓舞,HSK7-9
鼠,HSK5
鼠标,HSK5
鼻子,HSK5
鼻涕,HSK7-9
齐,HSK3
齐全,HSK5
齐心协力,HSK7-9
龙,HSK3
龙舟,HSK7-9
龟,HSK7-9
